event_time,source_ip,source_country,request_uri,terminatingruleid,action,country_code,rule_code,uri_len
16:25.4,14.40.36.34,KR,/dashboard,Default_Action,ALLOW,0,2,10
18:47.9,14.32.41.109,KR,/contact,Default_Action,ALLOW,0,2,8
45:58.6,14.40.93.151,KR,/api/v1/products,Default_Action,ALLOW,0,2,16
30:50.8,1.208.189.245,KR,/products/1,Default_Action,ALLOW,0,2,11
27:36.1,1.208.135.83,KR,/contact,Default_Action,ALLOW,0,2,8
26:50.8,14.32.89.40,KR,/products/2,Default_Action,ALLOW,0,2,11
37:48.4,125.128.216.73,KR,/logout,Default_Action,ALLOW,0,2,7
52:43.1,58.122.240.59,KR,/api/v1/products,Default_Action,ALLOW,0,2,16
09:24.5,1.209.3.144,KR,/static/css/main.css,Default_Action,ALLOW,0,2,20
47:57.1,14.32.82.50,KR,/checkout,Default_Action,ALLOW,0,2,9
42:09.9,1.208.173.249,KR,/profile,Default_Action,ALLOW,0,2,8
37:12.6,125.128.206.171,KR,/api/products,Default_Action,ALLOW,0,2,13
59:43.2,58.122.195.51,KR,/sitemap.xml,Default_Action,ALLOW,0,2,12
21:06.2,1.208.190.53,KR,/profile,Default_Action,ALLOW,0,2,8
56:33.6,14.40.217.249,KR,/api/health,Default_Action,ALLOW,0,2,11
24:57.4,58.120.0.196,KR,/dashboard,Default_Action,ALLOW,0,2,10
31:59.6,58.120.58.79,KR,/,Default_Action,ALLOW,0,2,1
31:18.0,58.122.30.32,KR,/products/3,Default_Action,ALLOW,0,2,11
03:47.3,58.120.174.180,KR,/api/health,Default_Action,ALLOW,0,2,11
57:29.1,1.208.235.95,KR,/,Default_Action,ALLOW,0,2,1
37:47.1,125.130.196.135,KR,/profile,Default_Action,ALLOW,0,2,8
21:57.3,58.122.65.229,KR,/search?q=shoes,Default_Action,ALLOW,0,2,15
25:00.7,125.128.55.22,KR,/,Default_Action,ALLOW,0,2,1
21:34.0,27.100.156.150,KR,/api/products/list,Default_Action,ALLOW,0,2,18
23:36.6,1.209.56.83,KR,/favicon.ico,Default_Action,ALLOW,0,2,12
26:26.9,27.96.241.240,KR,/search?q=phone,Default_Action,ALLOW,0,2,15
47:29.9,58.122.218.51,KR,/api/products/list,Default_Action,ALLOW,0,2,18
14:03.3,27.100.176.117,KR,/static/images/logo.png,Default_Action,ALLOW,0,2,23
56:17.7,125.128.241.167,KR,/api/v1/products,Default_Action,ALLOW,0,2,16
38:35.5,27.100.18.174,KR,/api/health,Default_Action,ALLOW,0,2,11
37:48.1,27.96.99.181,KR,/about,Default_Action,ALLOW,0,2,6
14:46.4,14.32.159.64,KR,/products/3,Default_Action,ALLOW,0,2,11
06:38.6,125.128.35.161,KR,/static/images/logo.png,Default_Action,ALLOW,0,2,23
15:54.3,27.96.106.125,KR,/dashboard,Default_Action,ALLOW,0,2,10
30:43.9,14.40.218.138,KR,/static/js/app.js,Default_Action,ALLOW,0,2,17
57:04.6,27.96.247.214,KR,/dashboard,Default_Action,ALLOW,0,2,10
43:13.0,14.32.190.196,KR,/api/products,Default_Action,ALLOW,0,2,13
36:21.2,58.122.179.33,KR,/profile,Default_Action,ALLOW,0,2,8
38:38.2,58.120.76.76,KR,/api/products/list,Default_Action,ALLOW,0,2,18
09:18.2,1.209.186.218,KR,/dashboard,Default_Action,ALLOW,0,2,10
46:50.4,1.209.86.94,KR,/api/orders,Default_Action,ALLOW,0,2,11
27:08.2,1.209.234.60,KR,/logout,Default_Action,ALLOW,0,2,7
55:08.4,27.100.157.120,KR,/contact,Default_Action,ALLOW,0,2,8
48:49.6,58.120.223.111,KR,/api/products,Default_Action,ALLOW,0,2,13
47:43.8,1.208.19.126,KR,/api/orders,Default_Action,ALLOW,0,2,11
06:14.7,1.208.65.80,KR,/api/users,Default_Action,ALLOW,0,2,10
44:20.6,125.128.70.101,KR,/products/1,Default_Action,ALLOW,0,2,11
16:20.4,58.122.129.74,KR,/checkout,Default_Action,ALLOW,0,2,9
47:08.5,14.32.116.237,KR,/api/products,Default_Action,ALLOW,0,2,13
52:01.3,27.96.148.212,KR,/api/users/profile,Default_Action,ALLOW,0,2,18
10:28.3,27.96.91.68,KR,/dashboard,Default_Action,ALLOW,0,2,10
34:05.4,14.40.195.189,KR,/search?q=phone,Default_Action,ALLOW,0,2,15
01:18.9,27.100.19.33,KR,/products/2,Default_Action,ALLOW,0,2,11
09:10.7,1.208.156.236,KR,/index.html,Default_Action,ALLOW,0,2,11
29:25.0,58.120.105.51,KR,/logout,Default_Action,ALLOW,0,2,7
49:42.6,27.96.161.10,KR,/about,Default_Action,ALLOW,0,2,6
26:40.9,125.128.151.248,KR,/login,Default_Action,ALLOW,0,2,6
38:15.5,58.122.138.164,KR,/static/images/logo.png,Default_Action,ALLOW,0,2,23
12:07.5,58.120.245.228,KR,/checkout,Default_Action,ALLOW,0,2,9
29:15.8,58.122.161.133,KR,/logout,Default_Action,ALLOW,0,2,7
17:21.5,1.208.57.64,KR,/checkout,Default_Action,ALLOW,0,2,9
00:46.2,27.96.30.90,KR,/sitemap.xml,Default_Action,ALLOW,0,2,12
42:51.4,58.120.21.248,KR,/,Default_Action,ALLOW,0,2,1
06:29.5,125.130.33.159,KR,/search?q=shoes,Default_Action,ALLOW,0,2,15
32:18.2,58.120.0.98,KR,/static/images/logo.png,Default_Action,ALLOW,0,2,23
51:44.3,58.122.31.26,KR,/profile,Default_Action,ALLOW,0,2,8
26:24.8,58.122.223.212,KR,/robots.txt,Default_Action,ALLOW,0,2,11
54:53.6,1.208.94.35,KR,/login,Default_Action,ALLOW,0,2,6
21:36.2,125.128.126.167,KR,/api/users/profile,Default_Action,ALLOW,0,2,18
27:32.3,58.120.36.79,KR,/robots.txt,Default_Action,ALLOW,0,2,11
14:27.8,125.128.8.232,KR,/products/1,Default_Action,ALLOW,0,2,11
05:58.9,27.96.41.85,KR,/products/1,Default_Action,ALLOW,0,2,11
18:12.3,27.96.115.70,KR,/products/3,Default_Action,ALLOW,0,2,11
37:20.9,14.32.10.89,KR,/products/3,Default_Action,ALLOW,0,2,11
10:58.1,14.40.55.244,KR,/search?q=clothes,Default_Action,ALLOW,0,2,17
03:46.9,14.32.177.74,KR,/cart,Default_Action,ALLOW,0,2,5
23:12.1,58.122.27.67,KR,/cart,Default_Action,ALLOW,0,2,5
29:23.1,125.128.104.19,KR,/robots.txt,Default_Action,ALLOW,0,2,11
56:04.8,1.209.21.4,KR,/sitemap.xml,Default_Action,ALLOW,0,2,12
15:21.3,58.122.53.227,KR,/static/images/logo.png,Default_Action,ALLOW,0,2,23
36:53.6,125.130.181.113,KR,/favicon.ico,Default_Action,ALLOW,0,2,12
41:11.5,125.130.111.250,KR,/api/orders,Default_Action,ALLOW,0,2,11
35:53.3,1.208.34.234,KR,/api/users/profile,Default_Action,ALLOW,0,2,18
55:24.6,58.120.58.35,KR,/api/users,Default_Action,ALLOW,0,2,10
26:34.4,1.209.135.63,KR,/search?q=clothes,Default_Action,ALLOW,0,2,17
51:51.2,125.128.193.147,KR,/robots.txt,Default_Action,ALLOW,0,2,11
00:31.2,58.122.151.71,KR,/favicon.ico,Default_Action,ALLOW,0,2,12
18:47.1,1.208.60.211,KR,/api/products,Default_Action,ALLOW,0,2,13
47:23.1,125.130.253.134,KR,/api/products,Default_Action,ALLOW,0,2,13
55:49.5,14.40.227.137,KR,/profile,Default_Action,ALLOW,0,2,8
19:28.5,1.208.16.76,KR,/static/js/app.js,Default_Action,ALLOW,0,2,17
41:39.6,1.208.230.211,KR,/index.html,Default_Action,ALLOW,0,2,11
56:56.1,1.209.173.102,KR,/profile,Default_Action,ALLOW,0,2,8
35:29.5,14.40.31.205,KR,/robots.txt,Default_Action,ALLOW,0,2,11
05:35.0,58.120.189.156,KR,/static/images/logo.png,Default_Action,ALLOW,0,2,23
53:41.6,125.130.153.106,KR,/robots.txt,Default_Action,ALLOW,0,2,11
52:36.4,58.120.175.254,KR,/api/v1/products,Default_Action,ALLOW,0,2,16
00:02.1,14.40.135.244,KR,/checkout,Default_Action,ALLOW,0,2,9
43:47.2,58.122.87.241,KR,/dashboard,Default_Action,ALLOW,0,2,10
54:01.0,58.120.204.196,KR,/products/1,Default_Action,ALLOW,0,2,11
46:33.1,1.209.1.180,KR,/dashboard,Default_Action,ALLOW,0,2,10
35:24.5,125.130.209.11,KR,/logout,Default_Action,ALLOW,0,2,7
07:52.6,1.209.252.71,KR,/logout,Default_Action,ALLOW,0,2,7
27:53.6,1.208.131.51,KR,/api/orders,Default_Action,ALLOW,0,2,11
47:19.3,58.122.43.71,KR,/robots.txt,Default_Action,ALLOW,0,2,11
33:16.2,1.208.62.232,KR,/api/users/profile,Default_Action,ALLOW,0,2,18
45:54.4,14.32.216.39,KR,/index.html,Default_Action,ALLOW,0,2,11
14:06.2,58.120.99.251,KR,/search?q=clothes,Default_Action,ALLOW,0,2,17
46:47.6,1.208.87.30,KR,/search?q=shoes,Default_Action,ALLOW,0,2,15
26:22.0,27.100.42.98,KR,/checkout,Default_Action,ALLOW,0,2,9
30:04.6,125.130.134.126,KR,/dashboard,Default_Action,ALLOW,0,2,10
37:35.1,14.40.191.213,KR,/static/images/logo.png,Default_Action,ALLOW,0,2,23
09:46.1,27.100.83.176,KR,/profile,Default_Action,ALLOW,0,2,8
31:27.6,14.32.249.242,KR,/api/v1/users,Default_Action,ALLOW,0,2,13
13:28.1,14.40.188.100,KR,/,Default_Action,ALLOW,0,2,1
27:19.5,27.100.133.204,KR,/index.html,Default_Action,ALLOW,0,2,11
11:07.0,125.130.24.75,KR,/api/health,Default_Action,ALLOW,0,2,11
38:32.1,14.32.143.41,KR,/profile,Default_Action,ALLOW,0,2,8
59:20.6,125.128.101.53,KR,/products/2,Default_Action,ALLOW,0,2,11
09:15.7,125.130.41.201,KR,/dashboard,Default_Action,ALLOW,0,2,10
57:16.3,14.40.171.133,KR,/api/orders,Default_Action,ALLOW,0,2,11
40:59.2,14.40.234.210,KR,/about,Default_Action,ALLOW,0,2,6
15:33.0,14.32.177.144,KR,/products/3,Default_Action,ALLOW,0,2,11
39:03.0,58.120.101.3,KR,/search?q=clothes,Default_Action,ALLOW,0,2,17
21:28.3,27.96.29.251,KR,/sitemap.xml,Default_Action,ALLOW,0,2,12
48:07.9,27.100.132.42,KR,/search?q=shoes,Default_Action,ALLOW,0,2,15
06:10.7,1.208.7.196,KR,/api/v1/users,Default_Action,ALLOW,0,2,13
38:01.7,27.96.232.119,KR,/index.html,Default_Action,ALLOW,0,2,11
27:01.8,27.96.177.231,KR,/api/users,Default_Action,ALLOW,0,2,10
03:44.2,27.100.251.65,KR,/products/3,Default_Action,ALLOW,0,2,11
40:25.5,125.128.234.33,KR,/checkout,Default_Action,ALLOW,0,2,9
27:07.5,125.128.105.186,KR,/profile,Default_Action,ALLOW,0,2,8
28:10.5,58.122.231.12,KR,/api/products/list,Default_Action,ALLOW,0,2,18
56:21.6,27.100.191.71,KR,/search?q=clothes,Default_Action,ALLOW,0,2,17
52:42.9,1.209.82.226,KR,/index.html,Default_Action,ALLOW,0,2,11
06:35.4,14.40.131.227,KR,/api/products/list,Default_Action,ALLOW,0,2,18
45:57.6,58.120.159.248,KR,/checkout,Default_Action,ALLOW,0,2,9
38:13.0,14.40.9.223,KR,/about,Default_Action,ALLOW,0,2,6
52:31.5,1.209.131.172,KR,/search?q=phone,Default_Action,ALLOW,0,2,15
18:37.6,125.128.100.221,KR,/search?q=phone,Default_Action,ALLOW,0,2,15
55:22.4,14.32.21.152,KR,/sitemap.xml,Default_Action,ALLOW,0,2,12
36:49.7,14.32.227.235,KR,/api/health,Default_Action,ALLOW,0,2,11
19:39.6,27.96.239.50,KR,/api/users,Default_Action,ALLOW,0,2,10
32:23.9,14.32.108.163,KR,/checkout,Default_Action,ALLOW,0,2,9
00:12.4,1.208.176.217,KR,/profile,Default_Action,ALLOW,0,2,8
06:32.0,27.100.47.72,KR,/profile,Default_Action,ALLOW,0,2,8
14:23.7,27.96.226.140,KR,/static/images/logo.png,Default_Action,ALLOW,0,2,23
32:03.1,14.32.7.59,KR,/static/js/app.js,Default_Action,ALLOW,0,2,17
17:00.1,27.100.30.116,KR,/favicon.ico,Default_Action,ALLOW,0,2,12
50:46.0,1.209.119.254,KR,/about,Default_Action,ALLOW,0,2,6
26:19.0,125.128.20.95,KR,/,Default_Action,ALLOW,0,2,1
07:01.7,27.100.147.35,KR,/search?q=phone,Default_Action,ALLOW,0,2,15
57:40.5,58.122.146.140,KR,/sitemap.xml,Default_Action,ALLOW,0,2,12
42:15.5,1.209.127.115,KR,/index.html,Default_Action,ALLOW,0,2,11
01:41.4,1.209.90.182,KR,/search?q=shoes,Default_Action,ALLOW,0,2,15
37:11.7,125.130.216.75,KR,/products/3,Default_Action,ALLOW,0,2,11
34:36.9,125.130.71.29,KR,/products/2,Default_Action,ALLOW,0,2,11
48:29.9,27.100.198.118,KR,/profile,Default_Action,ALLOW,0,2,8
26:46.7,27.100.250.38,KR,/dashboard,Default_Action,ALLOW,0,2,10
31:55.1,58.120.154.98,KR,/,Default_Action,ALLOW,0,2,1
31:13.8,125.130.184.135,KR,/search?q=clothes,Default_Action,ALLOW,0,2,17
45:04.0,125.128.197.14,KR,/search?q=clothes,Default_Action,ALLOW,0,2,17
34:26.9,58.122.230.3,KR,/,Default_Action,ALLOW,0,2,1
19:58.0,1.208.169.219,KR,/dashboard,Default_Action,ALLOW,0,2,10
17:20.1,125.130.105.231,KR,/api/users,Default_Action,ALLOW,0,2,10
42:22.8,125.128.224.116,KR,/api/v1/products,Default_Action,ALLOW,0,2,16
01:17.2,27.100.37.18,KR,/index.html,Default_Action,ALLOW,0,2,11
24:00.5,1.208.195.122,KR,/api/users,Default_Action,ALLOW,0,2,10
13:05.9,1.209.147.247,KR,/search?q=shoes,Default_Action,ALLOW,0,2,15
29:15.2,1.208.6.130,KR,/api/products,Default_Action,ALLOW,0,2,13
46:59.9,14.32.246.219,KR,/api/products,Default_Action,ALLOW,0,2,13
56:19.4,125.130.247.144,KR,/robots.txt,Default_Action,ALLOW,0,2,11
52:02.0,27.96.222.232,KR,/static/css/main.css,Default_Action,ALLOW,0,2,20
17:51.1,58.120.178.42,KR,/api/orders,Default_Action,ALLOW,0,2,11
21:11.3,58.120.84.29,KR,/static/js/app.js,Default_Action,ALLOW,0,2,17
25:41.3,125.128.209.46,KR,/api/v1/products,Default_Action,ALLOW,0,2,16
54:27.7,1.209.184.110,KR,/checkout,Default_Action,ALLOW,0,2,9
53:16.2,58.120.169.101,KR,/login,Default_Action,ALLOW,0,2,6
37:59.5,14.32.238.48,KR,/robots.txt,Default_Action,ALLOW,0,2,11
20:28.7,14.32.210.86,KR,/checkout,Default_Action,ALLOW,0,2,9
19:30.1,27.100.33.47,KR,/checkout,Default_Action,ALLOW,0,2,9
23:27.2,1.209.55.94,KR,/search?q=shoes,Default_Action,ALLOW,0,2,15
23:44.4,58.120.223.151,KR,/login,Default_Action,ALLOW,0,2,6
42:46.8,58.122.57.39,KR,/about,Default_Action,ALLOW,0,2,6
14:11.9,27.100.98.92,KR,/profile,Default_Action,ALLOW,0,2,8
28:47.9,58.120.252.83,KR,/profile,Default_Action,ALLOW,0,2,8
35:51.7,14.32.119.138,KR,/api/users/profile,Default_Action,ALLOW,0,2,18
51:45.9,27.96.196.83,KR,/products/2,Default_Action,ALLOW,0,2,11
52:05.7,1.209.210.119,KR,/cart,Default_Action,ALLOW,0,2,5
45:47.6,27.96.141.132,KR,/favicon.ico,Default_Action,ALLOW,0,2,12
58:34.8,27.100.235.9,KR,/api/orders,Default_Action,ALLOW,0,2,11
56:16.9,27.96.220.132,KR,/search?q=shoes,Default_Action,ALLOW,0,2,15
08:46.5,27.96.30.237,KR,/products/1,Default_Action,ALLOW,0,2,11
54:58.9,27.100.35.83,KR,/index.html,Default_Action,ALLOW,0,2,11
17:46.9,125.128.251.107,KR,/checkout,Default_Action,ALLOW,0,2,9
15:34.8,27.96.243.239,KR,/index.html,Default_Action,ALLOW,0,2,11
57:18.8,125.128.195.214,KR,/cart,Default_Action,ALLOW,0,2,5
58:06.8,14.32.142.61,KR,/api/users/profile,Default_Action,ALLOW,0,2,18
41:24.8,125.130.16.180,KR,/index.html,Default_Action,ALLOW,0,2,11
03:52.5,125.128.59.167,KR,/logout,Default_Action,ALLOW,0,2,7
49:56.4,58.120.71.246,KR,/products/2,Default_Action,ALLOW,0,2,11
52:25.9,1.208.42.152,KR,/login,Default_Action,ALLOW,0,2,6
09:37.6,1.208.201.135,KR,/index.html,Default_Action,ALLOW,0,2,11
30:56.8,125.130.161.111,KR,/api/products/list,Default_Action,ALLOW,0,2,18
19:40.0,1.208.75.204,KR,/search?q=clothes,Default_Action,ALLOW,0,2,17
12:00.5,125.130.26.150,KR,/static/js/app.js,Default_Action,ALLOW,0,2,17
22:33.2,125.128.107.169,KR,/search?q=clothes,Default_Action,ALLOW,0,2,17
28:43.9,1.208.176.204,KR,/products/1,Default_Action,ALLOW,0,2,11
30:41.1,58.120.45.49,KR,/contact,Default_Action,ALLOW,0,2,8
08:05.3,14.40.100.67,KR,/api/users/profile,Default_Action,ALLOW,0,2,18
54:32.3,58.122.87.161,KR,/contact,Default_Action,ALLOW,0,2,8
47:36.8,58.120.159.42,KR,/products/2,Default_Action,ALLOW,0,2,11
19:19.2,14.32.69.172,KR,/api/users,Default_Action,ALLOW,0,2,10
34:43.6,1.208.35.62,KR,/cart,Default_Action,ALLOW,0,2,5
30:08.2,58.120.117.4,KR,/search?q=clothes,Default_Action,ALLOW,0,2,17
11:40.6,58.122.55.232,KR,/checkout,Default_Action,ALLOW,0,2,9
51:33.2,58.120.109.32,KR,/api/orders,Default_Action,ALLOW,0,2,11
25:06.7,58.122.173.137,KR,/api/v1/products,Default_Action,ALLOW,0,2,16
46:25.1,1.209.190.231,KR,/api/v1/products,Default_Action,ALLOW,0,2,16
16:49.3,1.208.48.167,KR,/login,Default_Action,ALLOW,0,2,6
38:38.0,14.32.216.219,KR,/profile,Default_Action,ALLOW,0,2,8
44:17.3,14.40.133.115,KR,/search?q=shoes,Default_Action,ALLOW,0,2,15
28:26.4,1.209.123.219,KR,/api/products,Default_Action,ALLOW,0,2,13
21:12.5,58.120.41.193,KR,/contact,Default_Action,ALLOW,0,2,8
51:17.7,14.32.187.169,KR,/api/products,Default_Action,ALLOW,0,2,13
37:56.5,125.128.201.96,KR,/api/products,Default_Action,ALLOW,0,2,13
25:57.5,125.130.57.96,KR,/static/css/main.css,Default_Action,ALLOW,0,2,20
19:13.5,125.128.226.108,KR,/api/products,Default_Action,ALLOW,0,2,13
17:30.3,125.128.221.153,KR,/static/images/logo.png,Default_Action,ALLOW,0,2,23
07:08.0,58.122.206.108,KR,/static/js/app.js,Default_Action,ALLOW,0,2,17
44:26.2,27.100.29.219,KR,/api/v1/users,Default_Action,ALLOW,0,2,13
33:53.2,27.100.122.111,KR,/api/health,Default_Action,ALLOW,0,2,11
52:40.0,14.32.225.35,KR,/static/js/app.js,Default_Action,ALLOW,0,2,17
58:40.3,27.96.177.158,KR,/static/css/main.css,Default_Action,ALLOW,0,2,20
06:08.9,1.208.125.114,KR,/favicon.ico,Default_Action,ALLOW,0,2,12
04:56.5,1.209.231.197,KR,/cart,Default_Action,ALLOW,0,2,5
17:04.7,27.96.125.46,KR,/products/2,Default_Action,ALLOW,0,2,11
23:36.3,125.130.160.30,KR,/checkout,Default_Action,ALLOW,0,2,9
58:17.0,14.32.103.244,KR,/checkout,Default_Action,ALLOW,0,2,9
11:14.5,58.120.233.196,KR,/search?q=clothes,Default_Action,ALLOW,0,2,17
55:13.5,27.96.140.151,KR,/profile,Default_Action,ALLOW,0,2,8
08:29.6,125.130.209.101,KR,/static/js/app.js,Default_Action,ALLOW,0,2,17
17:24.2,125.128.5.237,KR,/search?q=shoes,Default_Action,ALLOW,0,2,15
47:55.6,1.208.188.57,KR,/products/1,Default_Action,ALLOW,0,2,11
02:41.5,125.128.162.244,KR,/about,Default_Action,ALLOW,0,2,6
39:44.6,14.40.59.26,KR,/index.html,Default_Action,ALLOW,0,2,11
42:13.4,14.32.201.75,KR,/robots.txt,Default_Action,ALLOW,0,2,11
55:44.7,125.128.181.150,KR,/search?q=shoes,Default_Action,ALLOW,0,2,15
34:17.2,58.122.104.43,KR,/robots.txt,Default_Action,ALLOW,0,2,11
49:15.6,27.96.83.60,KR,/products/3,Default_Action,ALLOW,0,2,11
56:24.6,58.120.184.236,KR,/cart,Default_Action,ALLOW,0,2,5
02:34.8,125.128.58.212,KR,/dashboard,Default_Action,ALLOW,0,2,10
06:40.8,1.208.169.227,KR,/api/health,Default_Action,ALLOW,0,2,11
33:06.5,125.130.255.233,KR,/api/users/profile,Default_Action,ALLOW,0,2,18
22:29.2,1.209.194.82,KR,/products/1,Default_Action,ALLOW,0,2,11
45:26.7,125.128.103.210,KR,/search?q=clothes,Default_Action,ALLOW,0,2,17
01:41.2,125.128.138.184,KR,/static/css/main.css,Default_Action,ALLOW,0,2,20
52:07.0,1.208.27.27,KR,/sitemap.xml,Default_Action,ALLOW,0,2,12
45:15.7,14.40.176.217,KR,/favicon.ico,Default_Action,ALLOW,0,2,12
25:54.0,125.130.170.176,KR,/sitemap.xml,Default_Action,ALLOW,0,2,12
24:24.5,27.100.225.205,KR,/products/3,Default_Action,ALLOW,0,2,11
39:16.8,14.32.11.146,KR,/about,Default_Action,ALLOW,0,2,6
44:50.3,27.100.165.160,KR,/dashboard,Default_Action,ALLOW,0,2,10
40:43.3,14.40.196.110,KR,/logout,Default_Action,ALLOW,0,2,7
24:30.3,1.209.63.145,KR,/api/health,Default_Action,ALLOW,0,2,11
40:59.2,27.96.117.6,KR,/api/health,Default_Action,ALLOW,0,2,11
56:38.1,1.208.92.197,KR,/api/products,Default_Action,ALLOW,0,2,13
18:47.0,27.96.100.151,KR,/search?q=shoes,Default_Action,ALLOW,0,2,15
31:36.9,27.96.160.250,KR,/products/3,Default_Action,ALLOW,0,2,11
58:10.0,125.128.30.37,KR,/cart,Default_Action,ALLOW,0,2,5
02:41.3,14.32.151.160,KR,/products/1,Default_Action,ALLOW,0,2,11
29:47.7,58.120.239.141,KR,/sitemap.xml,Default_Action,ALLOW,0,2,12
19:57.0,14.40.44.213,KR,/search?q=phone,Default_Action,ALLOW,0,2,15
19:19.5,58.122.127.102,KR,/api/orders,Default_Action,ALLOW,0,2,11
26:10.1,125.130.73.86,KR,/search?q=phone,Default_Action,ALLOW,0,2,15
24:05.9,14.40.137.227,KR,/static/images/logo.png,Default_Action,ALLOW,0,2,23
24:48.0,27.100.94.66,KR,/logout,Default_Action,ALLOW,0,2,7
22:36.4,27.96.17.234,KR,/search?q=clothes,Default_Action,ALLOW,0,2,17
38:38.9,27.100.62.201,KR,/index.html,Default_Action,ALLOW,0,2,11
33:19.7,14.32.68.139,KR,/favicon.ico,Default_Action,ALLOW,0,2,12
43:58.5,125.130.107.199,KR,/search?q=shoes,Default_Action,ALLOW,0,2,15
46:55.8,14.40.159.122,KR,/search?q=clothes,Default_Action,ALLOW,0,2,17
50:19.6,27.100.242.39,KR,/profile,Default_Action,ALLOW,0,2,8
02:08.4,1.209.131.10,KR,/contact,Default_Action,ALLOW,0,2,8
48:19.5,27.100.212.151,KR,/logout,Default_Action,ALLOW,0,2,7
25:00.9,27.96.146.46,KR,/search?q=phone,Default_Action,ALLOW,0,2,15
18:13.8,27.100.213.86,KR,/favicon.ico,Default_Action,ALLOW,0,2,12
34:53.0,58.122.102.126,KR,/api/v1/products,Default_Action,ALLOW,0,2,16
38:11.5,27.96.38.70,KR,/static/images/logo.png,Default_Action,ALLOW,0,2,23
43:47.8,1.209.238.15,KR,/products/3,Default_Action,ALLOW,0,2,11
42:53.4,27.96.91.177,KR,/products/1,Default_Action,ALLOW,0,2,11
31:34.6,14.40.79.122,KR,/sitemap.xml,Default_Action,ALLOW,0,2,12
21:46.2,27.100.234.142,KR,/api/products/list,Default_Action,ALLOW,0,2,18
55:49.7,27.100.229.9,KR,/products/3,Default_Action,ALLOW,0,2,11
25:14.2,14.40.195.113,KR,/api/products,Default_Action,ALLOW,0,2,13
45:46.3,58.120.27.193,KR,/api/products,Default_Action,ALLOW,0,2,13
44:32.2,125.128.23.236,KR,/api/orders,Default_Action,ALLOW,0,2,11
35:31.7,14.40.73.18,KR,/products/1,Default_Action,ALLOW,0,2,11
04:19.4,1.208.213.116,KR,/cart,Default_Action,ALLOW,0,2,5
38:22.4,125.130.46.213,KR,/static/images/logo.png,Default_Action,ALLOW,0,2,23
25:44.8,27.100.211.171,KR,/products/3,Default_Action,ALLOW,0,2,11
40:02.8,27.96.226.99,KR,/cart,Default_Action,ALLOW,0,2,5
04:36.4,27.100.147.171,KR,/api/v1/products,Default_Action,ALLOW,0,2,16
52:40.3,1.208.140.50,KR,/favicon.ico,Default_Action,ALLOW,0,2,12
33:10.8,125.130.4.122,KR,/products/2,Default_Action,ALLOW,0,2,11
02:27.0,1.208.143.123,KR,/static/js/app.js,Default_Action,ALLOW,0,2,17
48:07.8,1.209.134.78,KR,/contact,Default_Action,ALLOW,0,2,8
31:38.6,58.122.235.210,KR,/api/health,Default_Action,ALLOW,0,2,11
05:16.7,125.130.192.156,KR,/api/products/list,Default_Action,ALLOW,0,2,18
06:44.0,1.208.21.208,KR,/contact,Default_Action,ALLOW,0,2,8
44:41.5,125.128.168.131,KR,/login,Default_Action,ALLOW,0,2,6
49:22.4,14.40.55.53,KR,/static/images/logo.png,Default_Action,ALLOW,0,2,23
32:12.2,14.40.213.165,KR,/search?q=clothes,Default_Action,ALLOW,0,2,17
41:34.5,58.122.172.211,KR,/api/v1/users,Default_Action,ALLOW,0,2,13
09:34.8,58.122.15.94,KR,/,Default_Action,ALLOW,0,2,1
28:07.0,58.120.60.91,KR,/api/v1/products,Default_Action,ALLOW,0,2,16
41:23.0,125.128.174.228,KR,/dashboard,Default_Action,ALLOW,0,2,10
57:49.6,1.208.252.29,KR,/api/products/list,Default_Action,ALLOW,0,2,18
41:15.1,58.120.19.86,KR,/static/images/logo.png,Default_Action,ALLOW,0,2,23
53:56.1,1.208.110.193,KR,/profile,Default_Action,ALLOW,0,2,8
29:16.9,125.130.78.57,KR,/static/css/main.css,Default_Action,ALLOW,0,2,20
57:14.7,58.122.231.119,KR,/contact,Default_Action,ALLOW,0,2,8
12:28.5,58.120.179.13,KR,/index.html,Default_Action,ALLOW,0,2,11
02:38.0,1.209.145.83,KR,/api/products,Default_Action,ALLOW,0,2,13
43:50.5,27.96.122.145,KR,/products/1,Default_Action,ALLOW,0,2,11
07:19.5,14.40.230.127,KR,/robots.txt,Default_Action,ALLOW,0,2,11
51:50.6,14.40.89.74,KR,/products/2,Default_Action,ALLOW,0,2,11
53:23.2,27.100.112.98,KR,/api/v1/products,Default_Action,ALLOW,0,2,16
36:32.1,14.32.112.236,KR,/profile,Default_Action,ALLOW,0,2,8
33:33.6,14.32.113.181,KR,/checkout,Default_Action,ALLOW,0,2,9
45:47.8,27.100.153.3,KR,/robots.txt,Default_Action,ALLOW,0,2,11
40:25.0,58.122.155.20,KR,/api/health,Default_Action,ALLOW,0,2,11
49:24.4,125.130.107.217,KR,/,Default_Action,ALLOW,0,2,1
35:04.0,58.120.17.94,KR,/api/v1/products,Default_Action,ALLOW,0,2,16
25:28.9,125.130.213.21,KR,/logout,Default_Action,ALLOW,0,2,7
34:40.9,14.40.236.56,KR,/products/2,Default_Action,ALLOW,0,2,11
50:53.9,14.32.229.125,KR,/,Default_Action,ALLOW,0,2,1
48:38.6,1.208.12.239,KR,/static/images/logo.png,Default_Action,ALLOW,0,2,23
34:26.9,27.100.223.146,KR,/login,Default_Action,ALLOW,0,2,6
46:26.3,58.122.83.19,KR,/,Default_Action,ALLOW,0,2,1
41:35.1,125.128.77.212,KR,/index.html,Default_Action,ALLOW,0,2,11
27:47.5,58.122.50.253,KR,/dashboard,Default_Action,ALLOW,0,2,10
05:23.7,58.122.4.32,KR,/search?q=clothes,Default_Action,ALLOW,0,2,17
28:37.0,1.208.116.148,KR,/products/2,Default_Action,ALLOW,0,2,11
47:16.0,27.100.67.217,KR,/checkout,Default_Action,ALLOW,0,2,9
59:16.8,1.209.254.3,KR,/api/v1/products,Default_Action,ALLOW,0,2,16
39:51.7,14.32.227.57,KR,/robots.txt,Default_Action,ALLOW,0,2,11
50:37.4,27.96.150.184,KR,/api/health,Default_Action,ALLOW,0,2,11
01:00.2,125.130.37.198,KR,/checkout,Default_Action,ALLOW,0,2,9
18:19.5,58.122.13.160,KR,/api/v1/products,Default_Action,ALLOW,0,2,16
19:23.8,58.122.232.230,KR,/logout,Default_Action,ALLOW,0,2,7
32:37.5,27.100.231.182,KR,/api/orders,Default_Action,ALLOW,0,2,11
43:25.4,58.120.154.110,KR,/search?q=shoes,Default_Action,ALLOW,0,2,15
40:06.9,27.100.105.179,KR,/cart,Default_Action,ALLOW,0,2,5
46:10.0,58.120.165.236,KR,/favicon.ico,Default_Action,ALLOW,0,2,12
45:29.9,1.209.206.69,KR,/index.html,Default_Action,ALLOW,0,2,11
30:50.3,1.208.108.218,KR,/static/js/app.js,Default_Action,ALLOW,0,2,17
01:37.5,14.40.38.53,KR,/checkout,Default_Action,ALLOW,0,2,9
22:01.9,58.122.49.114,KR,/contact,Default_Action,ALLOW,0,2,8
05:56.9,1.209.68.165,KR,/api/users/profile,Default_Action,ALLOW,0,2,18
10:58.0,125.128.79.131,KR,/checkout,Default_Action,ALLOW,0,2,9
02:34.2,58.120.53.97,KR,/sitemap.xml,Default_Action,ALLOW,0,2,12
14:39.4,58.122.213.64,KR,/profile,Default_Action,ALLOW,0,2,8
46:49.5,27.100.203.170,KR,/favicon.ico,Default_Action,ALLOW,0,2,12
35:05.6,14.40.27.3,KR,/logout,Default_Action,ALLOW,0,2,7
42:55.2,58.120.2.220,KR,/dashboard,Default_Action,ALLOW,0,2,10
19:38.5,14.32.50.152,KR,/profile,Default_Action,ALLOW,0,2,8
17:11.1,125.128.153.254,KR,/index.html,Default_Action,ALLOW,0,2,11
12:01.8,125.128.54.11,KR,/index.html,Default_Action,ALLOW,0,2,11
40:13.9,27.100.231.12,KR,/sitemap.xml,Default_Action,ALLOW,0,2,12
47:26.1,58.122.100.111,KR,/static/images/logo.png,Default_Action,ALLOW,0,2,23
54:11.7,125.130.57.10,KR,/search?q=phone,Default_Action,ALLOW,0,2,15
50:48.7,1.208.175.98,KR,/api/users,Default_Action,ALLOW,0,2,10
14:25.7,27.96.75.158,KR,/static/js/app.js,Default_Action,ALLOW,0,2,17
35:42.6,27.100.198.52,KR,/profile,Default_Action,ALLOW,0,2,8
47:04.4,58.120.192.96,KR,/api/users,Default_Action,ALLOW,0,2,10
20:34.5,58.120.204.62,KR,/api/products/list,Default_Action,ALLOW,0,2,18
59:09.0,27.100.138.130,KR,/products/3,Default_Action,ALLOW,0,2,11
18:40.6,125.130.229.180,KR,/profile,Default_Action,ALLOW,0,2,8
24:35.0,125.130.17.237,KR,/index.html,Default_Action,ALLOW,0,2,11
05:49.5,14.40.241.171,KR,/api/products/list,Default_Action,ALLOW,0,2,18
14:42.9,125.128.252.249,KR,/static/images/logo.png,Default_Action,ALLOW,0,2,23
08:04.9,14.40.42.214,KR,/search?q=shoes,Default_Action,ALLOW,0,2,15
52:54.2,125.130.202.61,KR,/api/health,Default_Action,ALLOW,0,2,11
03:34.2,27.100.32.206,KR,/api/v1/products,Default_Action,ALLOW,0,2,16
01:32.9,125.128.189.1,KR,/static/images/logo.png,Default_Action,ALLOW,0,2,23
56:02.2,27.96.175.117,KR,/index.html,Default_Action,ALLOW,0,2,11
22:54.7,58.120.110.116,KR,/static/images/logo.png,Default_Action,ALLOW,0,2,23
48:10.3,125.130.178.31,KR,/checkout,Default_Action,ALLOW,0,2,9
32:08.4,27.100.248.40,KR,/login,Default_Action,ALLOW,0,2,6
30:46.3,27.96.235.44,KR,/,Default_Action,ALLOW,0,2,1
16:09.3,125.128.115.97,KR,/products/3,Default_Action,ALLOW,0,2,11
57:58.0,27.96.210.25,KR,/profile,Default_Action,ALLOW,0,2,8
25:00.8,27.100.229.219,KR,/static/css/main.css,Default_Action,ALLOW,0,2,20
23:09.8,27.100.17.88,KR,/favicon.ico,Default_Action,ALLOW,0,2,12
04:20.5,58.120.242.147,KR,/checkout,Default_Action,ALLOW,0,2,9
30:28.1,125.130.228.156,KR,/profile,Default_Action,ALLOW,0,2,8
46:08.3,1.209.120.120,KR,/api/v1/products,Default_Action,ALLOW,0,2,16
24:37.3,14.40.227.95,KR,/about,Default_Action,ALLOW,0,2,6
34:30.0,27.100.219.187,KR,/api/products/list,Default_Action,ALLOW,0,2,18
19:38.7,14.40.24.124,KR,/api/users/profile,Default_Action,ALLOW,0,2,18
19:17.2,125.130.159.15,KR,/api/v1/users,Default_Action,ALLOW,0,2,13
50:26.3,14.40.246.126,KR,/favicon.ico,Default_Action,ALLOW,0,2,12
13:16.7,125.130.64.41,KR,/robots.txt,Default_Action,ALLOW,0,2,11
49:47.6,1.208.195.115,KR,/api/users/profile,Default_Action,ALLOW,0,2,18
12:55.0,27.96.222.165,KR,/about,Default_Action,ALLOW,0,2,6
49:56.1,125.130.129.17,KR,/robots.txt,Default_Action,ALLOW,0,2,11
23:48.8,27.96.90.88,KR,/profile,Default_Action,ALLOW,0,2,8
41:10.1,27.100.230.166,KR,/static/images/logo.png,Default_Action,ALLOW,0,2,23
29:51.0,125.130.117.171,KR,/products/2,Default_Action,ALLOW,0,2,11
32:42.4,1.208.76.237,KR,/api/v1/users,Default_Action,ALLOW,0,2,13
55:01.0,14.32.91.197,KR,/sitemap.xml,Default_Action,ALLOW,0,2,12
07:01.8,1.209.178.40,KR,/api/v1/users,Default_Action,ALLOW,0,2,13
07:28.5,58.122.16.81,KR,/profile,Default_Action,ALLOW,0,2,8
55:01.7,125.130.47.185,KR,/api/health,Default_Action,ALLOW,0,2,11
15:55.2,1.209.182.178,KR,/sitemap.xml,Default_Action,ALLOW,0,2,12
18:42.8,14.40.210.87,KR,/about,Default_Action,ALLOW,0,2,6
31:26.9,14.32.168.246,KR,/login,Default_Action,ALLOW,0,2,6
53:18.7,14.40.98.1,KR,/api/health,Default_Action,ALLOW,0,2,11
50:32.4,58.122.217.252,KR,/api/users,Default_Action,ALLOW,0,2,10
32:41.0,125.130.248.221,KR,/products/3,Default_Action,ALLOW,0,2,11
43:27.4,14.40.1.94,KR,/robots.txt,Default_Action,ALLOW,0,2,11
14:34.2,125.130.187.217,KR,/dashboard,Default_Action,ALLOW,0,2,10
43:38.8,14.40.66.171,KR,/sitemap.xml,Default_Action,ALLOW,0,2,12
32:33.0,125.128.202.52,KR,/index.html,Default_Action,ALLOW,0,2,11
59:34.0,58.122.224.71,KR,/products/1,Default_Action,ALLOW,0,2,11
27:26.9,27.96.187.162,KR,/checkout,Default_Action,ALLOW,0,2,9
17:31.0,27.96.170.100,KR,/profile,Default_Action,ALLOW,0,2,8
35:40.0,27.100.202.199,KR,/robots.txt,Default_Action,ALLOW,0,2,11
57:22.5,58.122.66.222,KR,/index.html,Default_Action,ALLOW,0,2,11
51:59.6,1.208.84.11,KR,/api/health,Default_Action,ALLOW,0,2,11
01:51.2,14.40.99.88,KR,/static/js/app.js,Default_Action,ALLOW,0,2,17
29:46.2,27.100.56.211,KR,/dashboard,Default_Action,ALLOW,0,2,10
16:43.5,58.122.112.82,KR,/checkout,Default_Action,ALLOW,0,2,9
34:15.8,14.40.70.198,KR,/api/products/list,Default_Action,ALLOW,0,2,18
17:59.8,27.100.164.99,KR,/contact,Default_Action,ALLOW,0,2,8
25:59.4,27.96.163.146,KR,/api/orders,Default_Action,ALLOW,0,2,11
01:12.3,14.32.36.100,KR,/static/js/app.js,Default_Action,ALLOW,0,2,17
40:18.3,1.208.151.210,KR,/login,Default_Action,ALLOW,0,2,6
58:39.3,1.208.153.88,KR,/static/images/logo.png,Default_Action,ALLOW,0,2,23
51:32.2,58.120.198.107,KR,/search?q=phone,Default_Action,ALLOW,0,2,15
38:13.1,125.128.139.22,KR,/api/orders,Default_Action,ALLOW,0,2,11
45:12.9,1.209.8.129,KR,/api/health,Default_Action,ALLOW,0,2,11
23:14.0,125.128.145.161,KR,/api/users,Default_Action,ALLOW,0,2,10
16:25.1,27.100.125.34,KR,/sitemap.xml,Default_Action,ALLOW,0,2,12
40:16.2,1.208.230.219,KR,/index.html,Default_Action,ALLOW,0,2,11
05:32.1,14.40.82.51,KR,/products/1,Default_Action,ALLOW,0,2,11
41:50.6,58.120.10.113,KR,/static/js/app.js,Default_Action,ALLOW,0,2,17
46:34.8,58.122.14.66,KR,/robots.txt,Default_Action,ALLOW,0,2,11
56:24.7,1.209.232.56,KR,/products/3,Default_Action,ALLOW,0,2,11
07:17.4,58.122.41.243,KR,/favicon.ico,Default_Action,ALLOW,0,2,12
40:43.7,58.122.174.13,KR,/products/3,Default_Action,ALLOW,0,2,11
03:09.0,14.32.219.78,KR,/contact,Default_Action,ALLOW,0,2,8
02:15.0,14.32.211.205,KR,/api/users,Default_Action,ALLOW,0,2,10
34:35.4,14.40.86.172,KR,/api/v1/users,Default_Action,ALLOW,0,2,13
06:24.1,27.96.168.126,KR,/api/health,Default_Action,ALLOW,0,2,11
04:22.7,27.96.186.180,KR,/checkout,Default_Action,ALLOW,0,2,9
44:50.1,1.208.56.15,KR,/cart,Default_Action,ALLOW,0,2,5
53:42.0,1.208.31.174,KR,/search?q=shoes,Default_Action,ALLOW,0,2,15
23:10.2,27.96.86.207,KR,/checkout,Default_Action,ALLOW,0,2,9
27:28.5,58.122.253.98,KR,/static/js/app.js,Default_Action,ALLOW,0,2,17
31:03.1,1.209.51.170,KR,/api/v1/products,Default_Action,ALLOW,0,2,16
02:57.2,1.208.170.196,KR,/robots.txt,Default_Action,ALLOW,0,2,11
23:53.9,58.120.1.173,KR,/robots.txt,Default_Action,ALLOW,0,2,11
46:24.9,27.96.82.99,KR,/api/products,Default_Action,ALLOW,0,2,13
17:22.0,58.120.31.68,KR,/products/1,Default_Action,ALLOW,0,2,11
50:01.5,125.128.32.35,KR,/logout,Default_Action,ALLOW,0,2,7
00:55.4,125.128.74.39,KR,/,Default_Action,ALLOW,0,2,1
03:38.8,1.208.59.48,KR,/static/js/app.js,Default_Action,ALLOW,0,2,17
42:26.0,27.100.125.72,KR,/logout,Default_Action,ALLOW,0,2,7
07:20.0,27.100.77.201,KR,/contact,Default_Action,ALLOW,0,2,8
06:45.2,27.100.213.141,KR,/logout,Default_Action,ALLOW,0,2,7
29:34.3,14.40.81.236,KR,/search?q=phone,Default_Action,ALLOW,0,2,15
29:53.5,1.208.245.240,KR,/dashboard,Default_Action,ALLOW,0,2,10
09:23.6,14.40.210.227,KR,/favicon.ico,Default_Action,ALLOW,0,2,12
17:04.7,14.40.228.243,KR,/products/3,Default_Action,ALLOW,0,2,11
42:18.0,125.128.179.207,KR,/favicon.ico,Default_Action,ALLOW,0,2,12
33:32.0,14.32.32.175,KR,/api/products/list,Default_Action,ALLOW,0,2,18
53:08.9,58.122.139.28,KR,/static/images/logo.png,Default_Action,ALLOW,0,2,23
06:41.3,58.122.155.56,KR,/api/orders,Default_Action,ALLOW,0,2,11
48:22.4,27.100.252.77,KR,/api/v1/users,Default_Action,ALLOW,0,2,13
27:44.4,27.100.208.95,KR,/api/v1/products,Default_Action,ALLOW,0,2,16
08:07.4,1.208.53.253,KR,/favicon.ico,Default_Action,ALLOW,0,2,12
56:06.8,125.130.177.177,KR,/about,Default_Action,ALLOW,0,2,6
07:18.1,27.96.139.188,KR,/checkout,Default_Action,ALLOW,0,2,9
03:32.3,27.96.195.124,KR,/products/1,Default_Action,ALLOW,0,2,11
15:00.3,27.100.246.96,KR,/products/2,Default_Action,ALLOW,0,2,11
23:34.0,125.130.236.157,KR,/products/1,Default_Action,ALLOW,0,2,11
26:12.3,1.209.40.50,KR,/api/health,Default_Action,ALLOW,0,2,11
11:11.3,14.32.69.118,KR,/login,Default_Action,ALLOW,0,2,6
25:53.5,27.96.108.137,KR,/api/v1/products,Default_Action,ALLOW,0,2,16
08:16.6,58.122.183.148,KR,/dashboard,Default_Action,ALLOW,0,2,10
56:35.1,1.209.104.74,KR,/search?q=clothes,Default_Action,ALLOW,0,2,17
04:36.4,27.96.2.189,KR,/favicon.ico,Default_Action,ALLOW,0,2,12
27:29.3,27.96.213.177,KR,/api/v1/users,Default_Action,ALLOW,0,2,13
56:04.7,58.122.123.197,KR,/robots.txt,Default_Action,ALLOW,0,2,11
29:32.1,27.100.60.216,KR,/api/users,Default_Action,ALLOW,0,2,10
10:14.1,125.130.141.165,KR,/robots.txt,Default_Action,ALLOW,0,2,11
43:48.8,27.100.182.70,KR,/index.html,Default_Action,ALLOW,0,2,11
23:01.0,58.120.251.251,KR,/api/v1/products,Default_Action,ALLOW,0,2,16
05:19.7,27.100.175.13,KR,/api/users/profile,Default_Action,ALLOW,0,2,18
07:05.3,14.32.68.11,KR,/sitemap.xml,Default_Action,ALLOW,0,2,12
43:40.3,1.209.112.163,KR,/products/3,Default_Action,ALLOW,0,2,11
18:39.9,27.100.17.52,KR,/api/products,Default_Action,ALLOW,0,2,13
22:17.5,27.96.122.106,KR,/api/products/list,Default_Action,ALLOW,0,2,18
16:06.6,14.40.152.12,KR,/about,Default_Action,ALLOW,0,2,6
32:36.5,1.208.124.210,KR,/products/3,Default_Action,ALLOW,0,2,11
44:30.5,1.209.220.53,KR,/api/products/list,Default_Action,ALLOW,0,2,18
26:59.7,125.128.229.120,KR,/contact,Default_Action,ALLOW,0,2,8
12:59.4,58.122.80.231,KR,/api/products,Default_Action,ALLOW,0,2,13
36:21.6,14.32.23.190,KR,/cart,Default_Action,ALLOW,0,2,5
21:25.8,14.32.145.160,KR,/api/orders,Default_Action,ALLOW,0,2,11
38:51.5,58.120.104.43,KR,/api/health,Default_Action,ALLOW,0,2,11
55:03.7,27.96.224.189,KR,/profile,Default_Action,ALLOW,0,2,8
53:36.2,14.40.91.138,KR,/static/js/app.js,Default_Action,ALLOW,0,2,17
56:56.4,14.40.172.180,KR,/index.html,Default_Action,ALLOW,0,2,11
33:06.7,1.209.118.193,KR,/favicon.ico,Default_Action,ALLOW,0,2,12
21:30.9,1.208.89.190,KR,/static/css/main.css,Default_Action,ALLOW,0,2,20
07:39.1,125.130.122.54,KR,/static/images/logo.png,Default_Action,ALLOW,0,2,23
39:15.2,27.96.77.177,KR,/cart,Default_Action,ALLOW,0,2,5
56:39.1,27.100.240.39,KR,/favicon.ico,Default_Action,ALLOW,0,2,12
48:21.4,14.40.153.84,KR,/robots.txt,Default_Action,ALLOW,0,2,11
24:32.3,14.32.198.206,KR,/contact,Default_Action,ALLOW,0,2,8
30:15.3,125.130.172.168,KR,/robots.txt,Default_Action,ALLOW,0,2,11
32:45.5,125.130.129.30,KR,/search?q=clothes,Default_Action,ALLOW,0,2,17
24:53.6,1.208.87.20,KR,/contact,Default_Action,ALLOW,0,2,8
20:33.6,58.120.43.143,KR,/static/css/main.css,Default_Action,ALLOW,0,2,20
52:01.6,1.209.24.27,KR,/search?q=shoes,Default_Action,ALLOW,0,2,15
12:06.3,58.122.32.14,KR,/api/v1/users,Default_Action,ALLOW,0,2,13
51:49.4,27.96.114.54,KR,/logout,Default_Action,ALLOW,0,2,7
46:29.6,125.130.49.53,KR,/search?q=clothes,Default_Action,ALLOW,0,2,17
52:08.5,58.120.248.92,KR,/cart,Default_Action,ALLOW,0,2,5
03:40.2,27.96.31.243,KR,/api/products/list,Default_Action,ALLOW,0,2,18
02:13.7,1.208.124.191,KR,/index.html,Default_Action,ALLOW,0,2,11
27:38.0,125.128.196.60,KR,/search?q=shoes,Default_Action,ALLOW,0,2,15
27:52.7,125.130.130.212,KR,/cart,Default_Action,ALLOW,0,2,5
08:45.7,125.130.230.43,KR,/about,Default_Action,ALLOW,0,2,6
16:49.0,14.40.185.186,KR,/api/orders,Default_Action,ALLOW,0,2,11
22:25.0,27.100.87.182,KR,/static/js/app.js,Default_Action,ALLOW,0,2,17
23:40.4,1.209.198.135,KR,/products/3,Default_Action,ALLOW,0,2,11
52:35.6,58.120.153.20,KR,/products/3,Default_Action,ALLOW,0,2,11
55:14.8,14.40.237.242,KR,/index.html,Default_Action,ALLOW,0,2,11
19:54.3,125.128.55.210,KR,/products/1,Default_Action,ALLOW,0,2,11
40:49.5,58.120.123.162,KR,/products/1,Default_Action,ALLOW,0,2,11
16:52.5,125.130.133.29,KR,/api/orders,Default_Action,ALLOW,0,2,11
30:11.6,1.209.219.144,KR,/api/products/list,Default_Action,ALLOW,0,2,18
52:36.7,125.130.153.4,KR,/about,Default_Action,ALLOW,0,2,6
08:17.8,125.130.160.171,KR,/search?q=clothes,Default_Action,ALLOW,0,2,17
04:50.7,27.100.200.138,KR,/api/products/list,Default_Action,ALLOW,0,2,18
33:56.3,125.128.69.224,KR,/products/2,Default_Action,ALLOW,0,2,11
50:16.2,125.130.157.62,KR,/api/products,Default_Action,ALLOW,0,2,13
56:25.2,125.128.236.194,KR,/api/users/profile,Default_Action,ALLOW,0,2,18
08:37.3,125.128.67.107,KR,/checkout,Default_Action,ALLOW,0,2,9
16:11.5,58.122.45.55,KR,/search?q=phone,Default_Action,ALLOW,0,2,15
14:50.1,125.130.190.101,KR,/api/v1/users,Default_Action,ALLOW,0,2,13
34:38.3,58.122.239.193,KR,/login,Default_Action,ALLOW,0,2,6
05:58.8,14.32.68.34,KR,/api/health,Default_Action,ALLOW,0,2,11
19:26.3,14.32.111.2,KR,/api/users,Default_Action,ALLOW,0,2,10
48:48.4,14.32.59.220,KR,/search?q=phone,Default_Action,ALLOW,0,2,15
55:29.5,14.32.74.94,KR,/search?q=shoes,Default_Action,ALLOW,0,2,15
55:57.4,125.128.213.81,KR,/login,Default_Action,ALLOW,0,2,6
09:12.1,1.208.193.188,KR,/static/css/main.css,Default_Action,ALLOW,0,2,20
14:24.7,1.208.34.30,KR,/static/css/main.css,Default_Action,ALLOW,0,2,20
08:39.0,58.122.18.76,KR,/cart,Default_Action,ALLOW,0,2,5
31:54.0,27.96.227.223,KR,/sitemap.xml,Default_Action,ALLOW,0,2,12
04:10.7,125.128.27.103,KR,/favicon.ico,Default_Action,ALLOW,0,2,12
52:12.8,27.100.201.37,KR,/products/3,Default_Action,ALLOW,0,2,11
26:16.6,125.130.17.152,KR,/robots.txt,Default_Action,ALLOW,0,2,11
56:36.1,125.130.108.213,KR,/api/v1/users,Default_Action,ALLOW,0,2,13
38:51.9,1.209.176.230,KR,/search?q=clothes,Default_Action,ALLOW,0,2,17
03:28.2,1.209.142.14,KR,/search?q=phone,Default_Action,ALLOW,0,2,15
06:13.2,58.122.94.101,KR,/products/1,Default_Action,ALLOW,0,2,11
59:49.4,1.209.238.218,KR,/api/products,Default_Action,ALLOW,0,2,13
55:30.6,125.128.129.161,KR,/static/css/main.css,Default_Action,ALLOW,0,2,20
37:16.7,14.32.20.176,KR,/static/js/app.js,Default_Action,ALLOW,0,2,17
10:16.2,27.100.92.122,KR,/search?q=shoes,Default_Action,ALLOW,0,2,15
27:12.6,125.130.84.248,KR,/static/images/logo.png,Default_Action,ALLOW,0,2,23
20:17.8,14.40.103.90,KR,/profile,Default_Action,ALLOW,0,2,8
56:47.1,1.209.22.121,KR,/contact,Default_Action,ALLOW,0,2,8
37:05.5,125.130.188.96,KR,/about,Default_Action,ALLOW,0,2,6
25:08.5,58.120.108.190,KR,/static/images/logo.png,Default_Action,ALLOW,0,2,23
19:28.7,58.120.13.220,KR,/about,Default_Action,ALLOW,0,2,6
21:39.7,1.208.155.246,KR,/index.html,Default_Action,ALLOW,0,2,11
19:53.4,14.40.190.247,KR,/checkout,Default_Action,ALLOW,0,2,9
17:04.0,14.40.36.26,KR,/,Default_Action,ALLOW,0,2,1
09:13.0,58.120.205.42,KR,/robots.txt,Default_Action,ALLOW,0,2,11
31:01.2,125.130.35.90,KR,/robots.txt,Default_Action,ALLOW,0,2,11
09:38.0,27.96.103.249,KR,/search?q=clothes,Default_Action,ALLOW,0,2,17
59:24.8,125.130.115.164,KR,/search?q=shoes,Default_Action,ALLOW,0,2,15
11:01.2,14.40.220.159,KR,/index.html,Default_Action,ALLOW,0,2,11
39:41.9,58.122.146.162,KR,/search?q=phone,Default_Action,ALLOW,0,2,15
02:25.4,14.40.118.227,KR,/api/products/list,Default_Action,ALLOW,0,2,18
16:42.6,125.128.96.225,KR,/logout,Default_Action,ALLOW,0,2,7
39:20.5,14.32.11.165,KR,/checkout,Default_Action,ALLOW,0,2,9
17:21.3,1.208.160.81,KR,/products/3,Default_Action,ALLOW,0,2,11
20:03.0,1.209.249.179,KR,/products/1,Default_Action,ALLOW,0,2,11
58:43.9,27.96.152.42,KR,/index.html,Default_Action,ALLOW,0,2,11
37:05.2,14.40.57.84,KR,/checkout,Default_Action,ALLOW,0,2,9
47:01.9,125.130.112.110,KR,/products/3,Default_Action,ALLOW,0,2,11
40:39.9,27.100.91.240,KR,/products/1,Default_Action,ALLOW,0,2,11
48:58.0,58.120.207.214,KR,/static/images/logo.png,Default_Action,ALLOW,0,2,23
08:35.6,125.130.99.179,KR,/api/products/list,Default_Action,ALLOW,0,2,18
42:47.7,125.130.156.27,KR,/static/images/logo.png,Default_Action,ALLOW,0,2,23
50:44.7,125.128.52.186,KR,/dashboard,Default_Action,ALLOW,0,2,10
05:31.7,27.96.76.241,KR,/api/v1/users,Default_Action,ALLOW,0,2,13
52:02.7,58.122.241.94,KR,/,Default_Action,ALLOW,0,2,1
57:05.8,125.130.78.54,KR,/api/products,Default_Action,ALLOW,0,2,13
38:48.0,27.100.195.102,KR,/api/v1/users,Default_Action,ALLOW,0,2,13
34:21.9,27.100.205.223,KR,/products/1,Default_Action,ALLOW,0,2,11
22:26.3,125.130.54.89,KR,/search?q=clothes,Default_Action,ALLOW,0,2,17
45:15.6,14.32.239.63,KR,/logout,Default_Action,ALLOW,0,2,7
05:39.5,27.96.226.206,KR,/,Default_Action,ALLOW,0,2,1
03:44.3,125.128.54.237,KR,/,Default_Action,ALLOW,0,2,1
05:15.7,58.122.170.217,KR,/api/products/list,Default_Action,ALLOW,0,2,18
32:52.4,14.40.84.187,KR,/search?q=clothes,Default_Action,ALLOW,0,2,17
03:54.0,14.32.20.193,KR,/products/2,Default_Action,ALLOW,0,2,11
42:22.9,125.128.234.214,KR,/search?q=phone,Default_Action,ALLOW,0,2,15
11:49.1,27.96.223.26,KR,/favicon.ico,Default_Action,ALLOW,0,2,12
00:55.2,125.130.32.81,KR,/about,Default_Action,ALLOW,0,2,6
47:51.0,14.32.76.96,KR,/search?q=phone,Default_Action,ALLOW,0,2,15
13:13.8,58.122.251.113,KR,/contact,Default_Action,ALLOW,0,2,8
05:07.1,14.40.237.233,KR,/cart,Default_Action,ALLOW,0,2,5
57:28.5,14.40.124.144,KR,/index.html,Default_Action,ALLOW,0,2,11
23:22.4,125.128.72.164,KR,/login,Default_Action,ALLOW,0,2,6
08:53.3,1.208.237.53,KR,/search?q=shoes,Default_Action,ALLOW,0,2,15
54:25.6,14.40.58.38,KR,/static/js/app.js,Default_Action,ALLOW,0,2,17
19:29.6,27.96.129.88,KR,/search?q=phone,Default_Action,ALLOW,0,2,15
13:41.9,58.122.215.139,KR,/index.html,Default_Action,ALLOW,0,2,11
06:26.4,1.208.104.101,KR,/favicon.ico,Default_Action,ALLOW,0,2,12
49:32.4,1.208.189.66,KR,/sitemap.xml,Default_Action,ALLOW,0,2,12
44:59.9,125.128.241.134,KR,/products/3,Default_Action,ALLOW,0,2,11
07:51.9,125.128.204.39,KR,/dashboard,Default_Action,ALLOW,0,2,10
11:33.4,125.130.121.134,KR,/favicon.ico,Default_Action,ALLOW,0,2,12
48:40.4,58.120.57.78,KR,/search?q=clothes,Default_Action,ALLOW,0,2,17
08:06.6,125.128.125.199,KR,/contact,Default_Action,ALLOW,0,2,8
31:40.4,14.32.54.21,KR,/api/users,Default_Action,ALLOW,0,2,10
39:39.3,1.209.77.40,KR,/api/health,Default_Action,ALLOW,0,2,11
38:47.4,14.40.63.252,KR,/search?q=shoes,Default_Action,ALLOW,0,2,15
22:42.0,58.122.144.168,KR,/products/1,Default_Action,ALLOW,0,2,11
45:51.7,58.120.246.56,KR,/api/orders,Default_Action,ALLOW,0,2,11
32:26.8,58.120.74.21,KR,/api/products/list,Default_Action,ALLOW,0,2,18
53:50.4,1.208.123.115,KR,/api/products/list,Default_Action,ALLOW,0,2,18
59:40.3,27.100.167.115,KR,/static/images/logo.png,Default_Action,ALLOW,0,2,23
01:54.5,27.100.39.134,KR,/api/users,Default_Action,ALLOW,0,2,10
19:48.0,14.40.159.184,KR,/profile,Default_Action,ALLOW,0,2,8
19:26.1,14.32.122.43,KR,/static/js/app.js,Default_Action,ALLOW,0,2,17
49:59.0,1.209.156.236,KR,/contact,Default_Action,ALLOW,0,2,8
43:48.0,27.96.57.219,KR,/static/css/main.css,Default_Action,ALLOW,0,2,20
31:37.8,27.100.233.26,KR,/profile,Default_Action,ALLOW,0,2,8
16:29.8,1.209.132.43,KR,/products/1,Default_Action,ALLOW,0,2,11
00:35.3,58.122.174.65,KR,/search?q=shoes,Default_Action,ALLOW,0,2,15
48:05.1,1.209.219.193,KR,/api/users/profile,Default_Action,ALLOW,0,2,18
37:54.7,14.32.109.103,KR,/api/v1/users,Default_Action,ALLOW,0,2,13
21:51.0,125.130.126.42,KR,/static/js/app.js,Default_Action,ALLOW,0,2,17
08:08.4,1.209.6.52,KR,/api/users/profile,Default_Action,ALLOW,0,2,18
07:05.5,27.96.126.42,KR,/profile,Default_Action,ALLOW,0,2,8
03:31.3,58.122.13.179,KR,/index.html,Default_Action,ALLOW,0,2,11
29:40.8,14.32.75.221,KR,/index.html,Default_Action,ALLOW,0,2,11
02:13.6,58.120.45.146,KR,/api/health,Default_Action,ALLOW,0,2,11
45:50.4,27.96.60.168,KR,/api/v1/products,Default_Action,ALLOW,0,2,16
14:45.2,27.96.69.133,KR,/search?q=clothes,Default_Action,ALLOW,0,2,17
50:53.3,14.32.248.177,KR,/,Default_Action,ALLOW,0,2,1
46:23.1,14.40.249.252,KR,/api/v1/users,Default_Action,ALLOW,0,2,13
43:34.4,125.128.97.178,KR,/static/css/main.css,Default_Action,ALLOW,0,2,20
21:12.9,125.130.89.141,KR,/profile,Default_Action,ALLOW,0,2,8
29:06.7,27.96.200.7,KR,/checkout,Default_Action,ALLOW,0,2,9
53:39.4,125.130.129.117,KR,/contact,Default_Action,ALLOW,0,2,8
04:00.9,14.40.33.6,KR,/products/3,Default_Action,ALLOW,0,2,11
33:37.1,27.100.240.108,KR,/logout,Default_Action,ALLOW,0,2,7
17:23.0,14.32.127.238,KR,/api/users,Default_Action,ALLOW,0,2,10
51:52.8,125.130.184.73,KR,/static/css/main.css,Default_Action,ALLOW,0,2,20
40:07.4,14.32.239.245,KR,/login,Default_Action,ALLOW,0,2,6
29:16.8,14.32.20.128,KR,/checkout,Default_Action,ALLOW,0,2,9
26:11.5,58.120.70.64,KR,/,Default_Action,ALLOW,0,2,1
54:28.9,58.122.44.63,KR,/products/3,Default_Action,ALLOW,0,2,11
25:39.6,27.100.210.31,KR,/api/v1/products,Default_Action,ALLOW,0,2,16
30:42.8,14.40.149.76,KR,/api/users/profile,Default_Action,ALLOW,0,2,18
47:07.9,58.122.58.197,KR,/search?q=phone,Default_Action,ALLOW,0,2,15
27:51.6,1.208.212.166,KR,/index.html,Default_Action,ALLOW,0,2,11
36:44.7,125.128.253.241,KR,/favicon.ico,Default_Action,ALLOW,0,2,12
27:01.7,1.209.181.15,KR,/search?q=shoes,Default_Action,ALLOW,0,2,15
26:48.5,125.130.145.125,KR,/products/3,Default_Action,ALLOW,0,2,11
04:21.5,58.122.92.150,KR,/products/1,Default_Action,ALLOW,0,2,11
09:37.0,58.120.183.74,KR,/search?q=clothes,Default_Action,ALLOW,0,2,17
33:55.0,14.32.48.103,KR,/search?q=clothes,Default_Action,ALLOW,0,2,17
16:16.5,1.208.84.236,KR,/login,Default_Action,ALLOW,0,2,6
49:16.5,27.100.132.80,KR,/api/v1/products,Default_Action,ALLOW,0,2,16
27:44.2,27.96.91.240,KR,/favicon.ico,Default_Action,ALLOW,0,2,12
44:45.1,27.96.25.206,KR,/cart,Default_Action,ALLOW,0,2,5
31:47.3,27.96.79.25,KR,/logout,Default_Action,ALLOW,0,2,7
52:17.0,125.128.218.21,KR,/api/v1/products,Default_Action,ALLOW,0,2,16
06:24.8,125.128.84.16,KR,/api/v1/users,Default_Action,ALLOW,0,2,13
30:04.4,27.96.43.182,KR,/about,Default_Action,ALLOW,0,2,6
29:21.4,27.96.45.192,KR,/api/products/list,Default_Action,ALLOW,0,2,18
52:09.2,14.32.32.201,KR,/search?q=phone,Default_Action,ALLOW,0,2,15
29:28.8,14.40.128.43,KR,/index.html,Default_Action,ALLOW,0,2,11
20:55.5,14.40.178.171,KR,/search?q=phone,Default_Action,ALLOW,0,2,15
52:29.9,125.130.210.140,KR,/search?q=clothes,Default_Action,ALLOW,0,2,17
57:17.3,58.120.207.183,KR,/,Default_Action,ALLOW,0,2,1
56:50.1,58.120.245.99,KR,/profile,Default_Action,ALLOW,0,2,8
02:13.1,14.40.71.243,KR,/api/users,Default_Action,ALLOW,0,2,10
54:42.2,125.130.171.151,KR,/api/users,Default_Action,ALLOW,0,2,10
06:31.1,27.100.19.237,KR,/api/products/list,Default_Action,ALLOW,0,2,18
53:00.8,27.96.59.73,KR,/sitemap.xml,Default_Action,ALLOW,0,2,12
38:37.9,27.96.26.150,KR,/index.html,Default_Action,ALLOW,0,2,11
03:14.8,14.40.14.185,KR,/static/js/app.js,Default_Action,ALLOW,0,2,17
04:52.7,14.40.151.193,KR,/static/images/logo.png,Default_Action,ALLOW,0,2,23
19:36.3,58.122.189.31,KR,/favicon.ico,Default_Action,ALLOW,0,2,12
17:02.8,58.120.65.220,KR,/api/v1/products,Default_Action,ALLOW,0,2,16
16:50.5,1.208.180.44,KR,/api/v1/products,Default_Action,ALLOW,0,2,16
54:14.2,14.40.194.203,KR,/robots.txt,Default_Action,ALLOW,0,2,11
02:42.4,27.100.219.181,KR,/favicon.ico,Default_Action,ALLOW,0,2,12
53:55.6,14.40.99.92,KR,/api/users,Default_Action,ALLOW,0,2,10
52:13.6,1.208.226.68,KR,/contact,Default_Action,ALLOW,0,2,8
29:33.1,27.100.4.250,KR,/robots.txt,Default_Action,ALLOW,0,2,11
39:15.9,27.100.201.162,KR,/favicon.ico,Default_Action,ALLOW,0,2,12
43:09.8,27.96.206.220,KR,/logout,Default_Action,ALLOW,0,2,7
08:24.0,14.40.75.24,KR,/search?q=clothes,Default_Action,ALLOW,0,2,17
34:32.0,58.120.251.240,KR,/static/images/logo.png,Default_Action,ALLOW,0,2,23
16:12.6,14.40.50.5,KR,/api/products/list,Default_Action,ALLOW,0,2,18
16:59.7,1.208.191.92,KR,/index.html,Default_Action,ALLOW,0,2,11
59:56.6,14.32.60.44,KR,/api/v1/users,Default_Action,ALLOW,0,2,13
27:49.6,125.130.88.139,KR,/api/health,Default_Action,ALLOW,0,2,11
01:55.6,58.120.75.8,KR,/api/users,Default_Action,ALLOW,0,2,10
12:24.3,27.96.10.254,KR,/static/css/main.css,Default_Action,ALLOW,0,2,20
46:47.9,125.130.208.7,KR,/products/2,Default_Action,ALLOW,0,2,11
35:04.9,58.122.138.236,KR,/static/images/logo.png,Default_Action,ALLOW,0,2,23
46:29.9,27.96.235.52,KR,/robots.txt,Default_Action,ALLOW,0,2,11
59:41.4,58.122.62.104,KR,/static/images/logo.png,Default_Action,ALLOW,0,2,23
20:24.1,58.122.230.109,KR,/api/users/profile,Default_Action,ALLOW,0,2,18
01:24.6,1.208.235.110,KR,/checkout,Default_Action,ALLOW,0,2,9
45:57.8,125.130.9.4,KR,/cart,Default_Action,ALLOW,0,2,5
59:31.9,27.100.228.45,KR,/sitemap.xml,Default_Action,ALLOW,0,2,12
56:50.2,27.96.119.137,KR,/static/js/app.js,Default_Action,ALLOW,0,2,17
39:43.9,1.209.210.6,KR,/api/orders,Default_Action,ALLOW,0,2,11
57:48.2,14.40.37.227,KR,/cart,Default_Action,ALLOW,0,2,5
49:40.6,1.209.96.244,KR,/robots.txt,Default_Action,ALLOW,0,2,11
36:34.0,125.130.217.214,KR,/static/js/app.js,Default_Action,ALLOW,0,2,17
31:15.0,27.100.240.195,KR,/products/3,Default_Action,ALLOW,0,2,11
20:56.1,58.120.139.239,KR,/logout,Default_Action,ALLOW,0,2,7
53:46.2,27.96.6.142,KR,/dashboard,Default_Action,ALLOW,0,2,10
51:40.6,125.128.104.82,KR,/products/1,Default_Action,ALLOW,0,2,11
18:52.6,27.100.126.92,KR,/api/users,Default_Action,ALLOW,0,2,10
14:25.4,1.209.186.233,KR,/index.html,Default_Action,ALLOW,0,2,11
28:03.3,1.208.37.140,KR,/static/css/main.css,Default_Action,ALLOW,0,2,20
40:50.5,27.100.45.39,KR,/api/v1/products,Default_Action,ALLOW,0,2,16
44:06.6,27.96.104.200,KR,/robots.txt,Default_Action,ALLOW,0,2,11
14:20.7,27.100.227.143,KR,/api/users/profile,Default_Action,ALLOW,0,2,18
47:57.1,58.120.78.9,KR,/api/products,Default_Action,ALLOW,0,2,13
16:35.0,27.100.39.97,KR,/api/products,Default_Action,ALLOW,0,2,13
38:22.7,125.130.183.19,KR,/robots.txt,Default_Action,ALLOW,0,2,11
42:44.9,14.40.242.71,KR,/api/v1/products,Default_Action,ALLOW,0,2,16
04:36.8,58.120.227.92,KR,/index.html,Default_Action,ALLOW,0,2,11
24:51.0,125.128.62.16,KR,/search?q=clothes,Default_Action,ALLOW,0,2,17
07:41.0,27.100.19.163,KR,/search?q=phone,Default_Action,ALLOW,0,2,15
44:00.9,125.128.169.121,KR,/api/v1/products,Default_Action,ALLOW,0,2,16
05:16.4,58.120.213.140,KR,/api/orders,Default_Action,ALLOW,0,2,11
02:53.1,14.32.142.221,KR,/sitemap.xml,Default_Action,ALLOW,0,2,12
59:10.6,1.208.181.84,KR,/contact,Default_Action,ALLOW,0,2,8
51:48.2,14.40.157.202,KR,/robots.txt,Default_Action,ALLOW,0,2,11
02:54.8,58.122.103.20,KR,/checkout,Default_Action,ALLOW,0,2,9
15:02.3,14.32.196.83,KR,/static/images/logo.png,Default_Action,ALLOW,0,2,23
43:53.2,125.128.27.27,KR,/api/v1/users,Default_Action,ALLOW,0,2,13
51:08.2,58.122.1.16,KR,/logout,Default_Action,ALLOW,0,2,7
22:02.2,27.100.253.214,KR,/logout,Default_Action,ALLOW,0,2,7
37:47.2,14.32.161.2,KR,/profile,Default_Action,ALLOW,0,2,8
07:14.6,1.209.237.183,KR,/contact,Default_Action,ALLOW,0,2,8
55:08.2,27.100.141.241,KR,/api/v1/users,Default_Action,ALLOW,0,2,13
04:03.3,27.96.40.11,KR,/api/users/profile,Default_Action,ALLOW,0,2,18
46:10.9,1.208.206.118,KR,/cart,Default_Action,ALLOW,0,2,5
22:09.8,1.209.211.172,KR,/about,Default_Action,ALLOW,0,2,6
02:19.5,58.120.85.122,KR,/search?q=clothes,Default_Action,ALLOW,0,2,17
59:30.5,1.209.230.208,KR,/about,Default_Action,ALLOW,0,2,6
09:02.1,125.128.66.21,KR,/index.html,Default_Action,ALLOW,0,2,11
59:58.0,27.100.187.96,KR,/products/3,Default_Action,ALLOW,0,2,11
30:38.5,14.40.218.15,KR,/products/1,Default_Action,ALLOW,0,2,11
02:49.2,1.208.240.42,KR,/search?q=shoes,Default_Action,ALLOW,0,2,15
53:02.2,1.208.1.86,KR,/api/products,Default_Action,ALLOW,0,2,13
49:58.6,125.130.208.127,KR,/checkout,Default_Action,ALLOW,0,2,9
32:57.5,58.120.154.64,KR,/profile,Default_Action,ALLOW,0,2,8
19:44.1,27.96.237.228,KR,/static/css/main.css,Default_Action,ALLOW,0,2,20
18:25.5,125.128.25.203,KR,/static/css/main.css,Default_Action,ALLOW,0,2,20
11:52.4,125.130.38.6,KR,/search?q=clothes,Default_Action,ALLOW,0,2,17
35:01.9,1.209.143.248,KR,/api/orders,Default_Action,ALLOW,0,2,11
03:09.1,1.208.249.237,KR,/index.html,Default_Action,ALLOW,0,2,11
32:07.9,58.120.162.64,KR,/api/orders,Default_Action,ALLOW,0,2,11
31:17.3,27.100.64.56,KR,/contact,Default_Action,ALLOW,0,2,8
32:23.2,58.120.28.138,KR,/robots.txt,Default_Action,ALLOW,0,2,11
57:08.2,1.209.37.68,KR,/favicon.ico,Default_Action,ALLOW,0,2,12
02:25.9,27.96.78.44,KR,/static/images/logo.png,Default_Action,ALLOW,0,2,23
16:20.2,58.122.133.223,KR,/search?q=shoes,Default_Action,ALLOW,0,2,15
57:46.9,27.100.198.246,KR,/profile,Default_Action,ALLOW,0,2,8
45:46.6,27.100.76.10,KR,/contact,Default_Action,ALLOW,0,2,8
23:00.3,27.100.71.69,KR,/search?q=clothes,Default_Action,ALLOW,0,2,17
44:37.5,1.208.147.146,KR,/api/v1/users,Default_Action,ALLOW,0,2,13
57:09.3,1.209.118.63,KR,/sitemap.xml,Default_Action,ALLOW,0,2,12
28:24.0,27.96.231.59,KR,/search?q=shoes,Default_Action,ALLOW,0,2,15
44:18.3,27.96.73.248,KR,/products/1,Default_Action,ALLOW,0,2,11
23:32.6,125.130.202.167,KR,/products/2,Default_Action,ALLOW,0,2,11
15:31.7,27.96.201.220,KR,/index.html,Default_Action,ALLOW,0,2,11
53:19.9,58.122.57.111,KR,/favicon.ico,Default_Action,ALLOW,0,2,12
34:42.5,58.120.44.218,KR,/products/1,Default_Action,ALLOW,0,2,11
36:40.8,27.100.131.218,KR,/api/v1/users,Default_Action,ALLOW,0,2,13
01:37.5,14.40.218.252,KR,/about,Default_Action,ALLOW,0,2,6
19:43.5,27.100.207.204,KR,/about,Default_Action,ALLOW,0,2,6
51:02.6,14.40.97.49,KR,/index.html,Default_Action,ALLOW,0,2,11
45:14.8,1.208.83.97,KR,/,Default_Action,ALLOW,0,2,1
10:18.2,1.209.139.110,KR,/api/users/profile,Default_Action,ALLOW,0,2,18
13:16.9,14.40.227.103,KR,/profile,Default_Action,ALLOW,0,2,8
06:01.5,125.128.51.209,KR,/,Default_Action,ALLOW,0,2,1
59:40.4,1.208.165.5,KR,/about,Default_Action,ALLOW,0,2,6
28:43.7,1.209.112.158,KR,/api/users/profile,Default_Action,ALLOW,0,2,18
36:44.4,14.32.17.229,KR,/api/health,Default_Action,ALLOW,0,2,11
10:28.4,27.96.219.248,KR,/products/1,Default_Action,ALLOW,0,2,11
47:49.7,27.96.151.61,KR,/login,Default_Action,ALLOW,0,2,6
43:56.0,58.122.161.157,KR,/static/images/logo.png,Default_Action,ALLOW,0,2,23
27:05.0,1.208.174.193,KR,/static/js/app.js,Default_Action,ALLOW,0,2,17
22:27.7,58.120.112.96,KR,/search?q=phone,Default_Action,ALLOW,0,2,15
09:35.8,1.208.232.155,KR,/static/css/main.css,Default_Action,ALLOW,0,2,20
43:10.0,58.122.69.45,KR,/api/v1/products,Default_Action,ALLOW,0,2,16
49:20.1,58.122.117.58,KR,/contact,Default_Action,ALLOW,0,2,8
36:27.9,125.130.220.19,KR,/api/users,Default_Action,ALLOW,0,2,10
28:29.4,27.96.137.11,KR,/api/users/profile,Default_Action,ALLOW,0,2,18
40:14.8,125.128.170.67,KR,/static/js/app.js,Default_Action,ALLOW,0,2,17
47:09.0,125.128.210.18,KR,/static/css/main.css,Default_Action,ALLOW,0,2,20
50:03.2,125.128.81.197,KR,/login,Default_Action,ALLOW,0,2,6
41:33.7,14.40.113.137,KR,/static/css/main.css,Default_Action,ALLOW,0,2,20
44:39.3,125.128.225.167,KR,/products/2,Default_Action,ALLOW,0,2,11
40:02.4,58.120.61.254,KR,/api/users,Default_Action,ALLOW,0,2,10
48:18.3,14.32.184.144,KR,/search?q=shoes,Default_Action,ALLOW,0,2,15
06:29.9,27.96.79.69,KR,/profile,Default_Action,ALLOW,0,2,8
13:46.8,27.100.229.112,KR,/,Default_Action,ALLOW,0,2,1
27:45.2,1.209.183.111,KR,/api/products/list,Default_Action,ALLOW,0,2,18
55:38.9,58.120.222.1,KR,/products/2,Default_Action,ALLOW,0,2,11
56:22.8,27.96.9.207,KR,/products/3,Default_Action,ALLOW,0,2,11
10:18.1,14.40.169.215,KR,/dashboard,Default_Action,ALLOW,0,2,10
35:11.5,58.122.189.41,KR,/favicon.ico,Default_Action,ALLOW,0,2,12
17:41.1,125.128.147.163,KR,/static/images/logo.png,Default_Action,ALLOW,0,2,23
50:17.7,125.130.134.210,KR,/api/health,Default_Action,ALLOW,0,2,11
45:23.8,1.209.228.183,KR,/products/2,Default_Action,ALLOW,0,2,11
18:45.1,58.120.32.108,KR,/favicon.ico,Default_Action,ALLOW,0,2,12
12:32.1,58.122.167.136,KR,/checkout,Default_Action,ALLOW,0,2,9
07:00.9,27.96.174.60,KR,/api/v1/users,Default_Action,ALLOW,0,2,13
38:58.5,58.120.193.160,KR,/dashboard,Default_Action,ALLOW,0,2,10
21:39.7,125.128.255.229,KR,/search?q=shoes,Default_Action,ALLOW,0,2,15
05:03.3,1.209.75.122,KR,/search?q=shoes,Default_Action,ALLOW,0,2,15
50:42.0,125.128.206.40,KR,/search?q=clothes,Default_Action,ALLOW,0,2,17
39:13.2,58.122.163.174,KR,/favicon.ico,Default_Action,ALLOW,0,2,12
34:17.2,125.130.176.138,KR,/api/health,Default_Action,ALLOW,0,2,11
10:01.3,1.209.131.106,KR,/api/health,Default_Action,ALLOW,0,2,11
51:03.2,125.128.252.245,KR,/api/v1/products,Default_Action,ALLOW,0,2,16
18:58.5,14.40.40.123,KR,/contact,Default_Action,ALLOW,0,2,8
44:10.2,1.209.156.151,KR,/search?q=clothes,Default_Action,ALLOW,0,2,17
00:51.5,58.120.144.155,KR,/contact,Default_Action,ALLOW,0,2,8
19:27.4,125.128.193.181,KR,/api/health,Default_Action,ALLOW,0,2,11
39:49.7,1.208.159.91,KR,/api/v1/products,Default_Action,ALLOW,0,2,16
52:42.4,14.40.188.180,KR,/static/css/main.css,Default_Action,ALLOW,0,2,20
44:16.8,14.32.191.252,KR,/checkout,Default_Action,ALLOW,0,2,9
38:29.5,14.32.117.112,KR,/robots.txt,Default_Action,ALLOW,0,2,11
29:28.6,27.100.239.95,KR,/api/v1/products,Default_Action,ALLOW,0,2,16
05:00.7,1.209.35.204,KR,/products/2,Default_Action,ALLOW,0,2,11
19:48.9,1.209.94.100,KR,/logout,Default_Action,ALLOW,0,2,7
51:58.0,1.208.3.168,KR,/cart,Default_Action,ALLOW,0,2,5
42:40.4,1.209.95.243,KR,/api/products/list,Default_Action,ALLOW,0,2,18
49:05.7,14.32.60.20,KR,/favicon.ico,Default_Action,ALLOW,0,2,12
25:01.8,1.209.173.164,KR,/sitemap.xml,Default_Action,ALLOW,0,2,12
31:23.6,27.96.15.245,KR,/robots.txt,Default_Action,ALLOW,0,2,11
07:12.6,125.130.99.233,KR,/products/3,Default_Action,ALLOW,0,2,11
26:36.6,14.32.98.157,KR,/products/2,Default_Action,ALLOW,0,2,11
49:13.2,1.209.241.110,KR,/logout,Default_Action,ALLOW,0,2,7
52:12.7,1.208.212.201,KR,/logout,Default_Action,ALLOW,0,2,7
27:36.0,58.122.8.97,KR,/index.html,Default_Action,ALLOW,0,2,11
10:19.0,27.96.85.223,KR,/cart,Default_Action,ALLOW,0,2,5
34:18.1,14.40.118.29,KR,/profile,Default_Action,ALLOW,0,2,8
26:04.0,14.32.190.1,KR,/logout,Default_Action,ALLOW,0,2,7
32:12.8,1.209.116.190,KR,/api/products/list,Default_Action,ALLOW,0,2,18
48:28.1,58.120.59.134,KR,/index.html,Default_Action,ALLOW,0,2,11
53:51.3,58.120.253.253,KR,/profile,Default_Action,ALLOW,0,2,8
44:05.4,14.32.100.44,KR,/favicon.ico,Default_Action,ALLOW,0,2,12
17:54.0,14.40.171.219,KR,/api/v1/users,Default_Action,ALLOW,0,2,13
41:03.9,125.128.111.11,KR,/search?q=phone,Default_Action,ALLOW,0,2,15
27:58.1,58.120.182.124,KR,/api/v1/products,Default_Action,ALLOW,0,2,16
10:01.8,58.122.193.149,KR,/products/1,Default_Action,ALLOW,0,2,11
01:03.6,27.100.11.200,KR,/,Default_Action,ALLOW,0,2,1
06:22.1,14.32.26.9,KR,/products/1,Default_Action,ALLOW,0,2,11
49:26.8,58.122.46.33,KR,/dashboard,Default_Action,ALLOW,0,2,10
43:13.6,125.128.116.147,KR,/search?q=clothes,Default_Action,ALLOW,0,2,17
08:52.9,58.120.62.24,KR,/checkout,Default_Action,ALLOW,0,2,9
55:36.0,1.208.165.144,KR,/static/css/main.css,Default_Action,ALLOW,0,2,20
57:15.0,27.100.56.104,KR,/sitemap.xml,Default_Action,ALLOW,0,2,12
37:18.2,27.100.73.23,KR,/favicon.ico,Default_Action,ALLOW,0,2,12
24:59.8,58.122.12.49,KR,/products/1,Default_Action,ALLOW,0,2,11
57:14.5,14.32.87.63,KR,/profile,Default_Action,ALLOW,0,2,8
34:09.6,27.96.70.51,KR,/api/v1/products,Default_Action,ALLOW,0,2,16
41:07.2,14.40.250.13,KR,/api/users/profile,Default_Action,ALLOW,0,2,18
45:49.6,125.128.124.63,KR,/contact,Default_Action,ALLOW,0,2,8
41:46.4,1.208.75.38,KR,/api/health,Default_Action,ALLOW,0,2,11
24:26.1,27.96.179.164,KR,/robots.txt,Default_Action,ALLOW,0,2,11
57:29.6,125.128.169.45,KR,/dashboard,Default_Action,ALLOW,0,2,10
06:39.3,27.100.225.54,KR,/search?q=shoes,Default_Action,ALLOW,0,2,15
56:24.1,125.130.165.154,KR,/search?q=phone,Default_Action,ALLOW,0,2,15
30:59.8,1.209.195.77,KR,/favicon.ico,Default_Action,ALLOW,0,2,12
50:41.3,125.130.230.173,KR,/logout,Default_Action,ALLOW,0,2,7
18:56.0,58.122.130.139,KR,/robots.txt,Default_Action,ALLOW,0,2,11
34:35.7,125.130.55.126,KR,/profile,Default_Action,ALLOW,0,2,8
21:10.6,58.120.110.242,KR,/api/v1/products,Default_Action,ALLOW,0,2,16
53:54.5,58.122.129.247,KR,/products/3,Default_Action,ALLOW,0,2,11
44:18.2,58.120.250.107,KR,/cart,Default_Action,ALLOW,0,2,5
45:18.0,1.209.101.80,KR,/api/users,Default_Action,ALLOW,0,2,10
11:43.9,1.208.56.105,KR,/cart,Default_Action,ALLOW,0,2,5
37:52.9,125.130.82.215,KR,/products/1,Default_Action,ALLOW,0,2,11
50:09.5,58.120.102.96,KR,/search?q=shoes,Default_Action,ALLOW,0,2,15
32:38.7,14.32.91.88,KR,/static/css/main.css,Default_Action,ALLOW,0,2,20
17:19.5,14.40.228.144,KR,/search?q=clothes,Default_Action,ALLOW,0,2,17
22:11.7,58.122.117.99,KR,/dashboard,Default_Action,ALLOW,0,2,10
40:20.5,58.120.191.89,KR,/cart,Default_Action,ALLOW,0,2,5
37:28.5,125.130.37.210,KR,/robots.txt,Default_Action,ALLOW,0,2,11
33:55.4,27.100.240.32,KR,/products/2,Default_Action,ALLOW,0,2,11
38:35.3,125.130.61.136,KR,/index.html,Default_Action,ALLOW,0,2,11
30:03.5,125.128.45.119,KR,/api/health,Default_Action,ALLOW,0,2,11
51:01.9,1.209.188.67,KR,/static/css/main.css,Default_Action,ALLOW,0,2,20
28:47.0,58.120.223.227,KR,/products/3,Default_Action,ALLOW,0,2,11
09:38.9,14.40.193.30,KR,/contact,Default_Action,ALLOW,0,2,8
01:00.3,58.122.239.47,KR,/api/orders,Default_Action,ALLOW,0,2,11
04:47.9,125.130.0.173,KR,/api/products,Default_Action,ALLOW,0,2,13
34:37.0,14.40.169.108,KR,/dashboard,Default_Action,ALLOW,0,2,10
10:17.4,14.32.233.39,KR,/search?q=phone,Default_Action,ALLOW,0,2,15
57:53.6,58.120.171.138,KR,/api/health,Default_Action,ALLOW,0,2,11
29:24.5,58.122.215.108,KR,/search?q=shoes,Default_Action,ALLOW,0,2,15
05:50.9,27.100.224.111,KR,/products/3,Default_Action,ALLOW,0,2,11
19:17.9,14.40.16.127,KR,/favicon.ico,Default_Action,ALLOW,0,2,12
33:31.5,14.40.83.112,KR,/api/users/profile,Default_Action,ALLOW,0,2,18
06:36.5,14.32.147.40,KR,/api/orders,Default_Action,ALLOW,0,2,11
09:40.7,58.122.190.112,KR,/search?q=clothes,Default_Action,ALLOW,0,2,17
28:13.1,125.128.6.97,KR,/login,Default_Action,ALLOW,0,2,6
51:37.6,14.32.22.201,KR,/products/2,Default_Action,ALLOW,0,2,11
41:35.6,27.96.166.47,KR,/static/css/main.css,Default_Action,ALLOW,0,2,20
50:45.6,14.32.77.220,KR,/contact,Default_Action,ALLOW,0,2,8
19:30.7,14.40.130.33,KR,/dashboard,Default_Action,ALLOW,0,2,10
53:41.7,14.32.163.30,KR,/dashboard,Default_Action,ALLOW,0,2,10
57:51.7,1.209.182.103,KR,/api/v1/users,Default_Action,ALLOW,0,2,13
09:47.7,1.208.245.2,KR,/cart,Default_Action,ALLOW,0,2,5
40:06.9,27.96.140.193,KR,/favicon.ico,Default_Action,ALLOW,0,2,12
54:58.1,1.209.188.183,KR,/,Default_Action,ALLOW,0,2,1
25:22.0,125.128.78.108,KR,/about,Default_Action,ALLOW,0,2,6
20:14.2,1.209.41.80,KR,/search?q=shoes,Default_Action,ALLOW,0,2,15
02:34.8,58.120.40.222,KR,/search?q=phone,Default_Action,ALLOW,0,2,15
29:58.7,14.32.107.38,KR,/search?q=shoes,Default_Action,ALLOW,0,2,15
18:21.7,1.208.62.156,KR,/favicon.ico,Default_Action,ALLOW,0,2,12
12:10.7,14.32.52.197,KR,/checkout,Default_Action,ALLOW,0,2,9
43:24.8,27.100.252.82,KR,/search?q=clothes,Default_Action,ALLOW,0,2,17
35:17.5,1.209.73.230,KR,/profile,Default_Action,ALLOW,0,2,8
28:56.3,58.122.171.22,KR,/static/js/app.js,Default_Action,ALLOW,0,2,17
32:55.5,125.128.52.125,KR,/,Default_Action,ALLOW,0,2,1
51:15.9,1.208.73.137,KR,/api/products/list,Default_Action,ALLOW,0,2,18
38:25.9,58.122.200.153,KR,/,Default_Action,ALLOW,0,2,1
59:47.0,58.122.203.40,KR,/static/images/logo.png,Default_Action,ALLOW,0,2,23
04:35.9,27.100.51.223,KR,/sitemap.xml,Default_Action,ALLOW,0,2,12
41:31.4,125.128.196.64,KR,/api/users/profile,Default_Action,ALLOW,0,2,18
44:07.2,125.128.116.134,KR,/dashboard,Default_Action,ALLOW,0,2,10
52:05.6,14.32.70.169,KR,/,Default_Action,ALLOW,0,2,1
24:27.5,27.100.177.112,KR,/api/orders,Default_Action,ALLOW,0,2,11
24:18.3,1.208.5.69,KR,/profile,Default_Action,ALLOW,0,2,8
35:08.4,1.209.114.8,KR,/api/products,Default_Action,ALLOW,0,2,13
28:34.1,125.130.62.51,KR,/products/1,Default_Action,ALLOW,0,2,11
20:50.3,27.96.85.65,KR,/products/2,Default_Action,ALLOW,0,2,11
30:57.0,125.130.98.228,KR,/checkout,Default_Action,ALLOW,0,2,9
19:47.3,14.32.210.6,KR,/login,Default_Action,ALLOW,0,2,6
52:32.8,14.40.245.18,KR,/sitemap.xml,Default_Action,ALLOW,0,2,12
04:54.5,14.40.45.88,KR,/api/v1/products,Default_Action,ALLOW,0,2,16
49:45.9,58.120.61.243,KR,/products/1,Default_Action,ALLOW,0,2,11
16:39.3,58.120.165.175,KR,/search?q=clothes,Default_Action,ALLOW,0,2,17
43:58.1,58.122.36.250,KR,/products/1,Default_Action,ALLOW,0,2,11
38:11.8,1.208.234.165,KR,/products/3,Default_Action,ALLOW,0,2,11
36:58.2,1.208.189.179,KR,/favicon.ico,Default_Action,ALLOW,0,2,12
49:17.0,1.208.86.65,KR,/sitemap.xml,Default_Action,ALLOW,0,2,12
19:19.0,27.96.221.133,KR,/static/images/logo.png,Default_Action,ALLOW,0,2,23
26:46.7,14.32.111.127,KR,/,Default_Action,ALLOW,0,2,1
00:43.4,14.40.84.133,KR,/static/js/app.js,Default_Action,ALLOW,0,2,17
57:20.2,27.100.20.217,KR,/dashboard,Default_Action,ALLOW,0,2,10
39:48.7,14.32.101.213,KR,/products/3,Default_Action,ALLOW,0,2,11
47:48.8,58.122.30.186,KR,/cart,Default_Action,ALLOW,0,2,5
05:56.2,1.209.60.69,KR,/static/js/app.js,Default_Action,ALLOW,0,2,17
34:39.3,27.96.213.214,KR,/api/v1/products,Default_Action,ALLOW,0,2,16
37:07.5,125.130.100.215,KR,/products/2,Default_Action,ALLOW,0,2,11
06:38.5,58.122.204.206,KR,/favicon.ico,Default_Action,ALLOW,0,2,12
02:59.6,125.130.176.45,KR,/static/js/app.js,Default_Action,ALLOW,0,2,17
03:00.2,27.96.230.126,KR,/logout,Default_Action,ALLOW,0,2,7
38:00.8,27.96.176.246,KR,/search?q=shoes,Default_Action,ALLOW,0,2,15
28:16.8,27.100.81.224,KR,/api/products/list,Default_Action,ALLOW,0,2,18
42:02.0,1.209.8.219,KR,/cart,Default_Action,ALLOW,0,2,5
40:38.9,1.208.240.12,KR,/about,Default_Action,ALLOW,0,2,6
26:31.5,27.96.185.230,KR,/index.html,Default_Action,ALLOW,0,2,11
46:18.1,58.122.209.156,KR,/login,Default_Action,ALLOW,0,2,6
37:30.0,125.128.240.65,KR,/api/users/profile,Default_Action,ALLOW,0,2,18
36:06.7,14.32.57.246,KR,/api/orders,Default_Action,ALLOW,0,2,11
14:48.0,125.130.210.5,KR,/search?q=clothes,Default_Action,ALLOW,0,2,17
45:12.5,58.122.235.6,KR,/contact,Default_Action,ALLOW,0,2,8
45:28.0,58.120.99.94,KR,/sitemap.xml,Default_Action,ALLOW,0,2,12
26:27.2,1.208.25.81,KR,/api/products,Default_Action,ALLOW,0,2,13
51:12.5,14.40.60.153,KR,/contact,Default_Action,ALLOW,0,2,8
33:20.1,1.209.61.141,KR,/products/3,Default_Action,ALLOW,0,2,11
48:43.0,125.130.9.91,KR,/api/v1/users,Default_Action,ALLOW,0,2,13
56:30.6,27.100.16.160,KR,/favicon.ico,Default_Action,ALLOW,0,2,12
36:19.6,27.96.57.198,KR,/api/v1/products,Default_Action,ALLOW,0,2,16
11:21.0,125.128.226.116,KR,/search?q=phone,Default_Action,ALLOW,0,2,15
10:37.8,1.209.168.145,KR,/static/images/logo.png,Default_Action,ALLOW,0,2,23
43:04.8,27.100.217.113,KR,/api/v1/users,Default_Action,ALLOW,0,2,13
12:24.5,27.100.97.33,KR,/static/images/logo.png,Default_Action,ALLOW,0,2,23
39:42.8,125.130.147.90,KR,/api/health,Default_Action,ALLOW,0,2,11
28:36.4,58.120.101.80,KR,/sitemap.xml,Default_Action,ALLOW,0,2,12
34:11.9,1.208.143.243,KR,/api/users/profile,Default_Action,ALLOW,0,2,18
46:06.3,58.122.181.57,KR,/api/users,Default_Action,ALLOW,0,2,10
43:10.3,27.100.185.11,KR,/favicon.ico,Default_Action,ALLOW,0,2,12
17:24.1,14.40.4.77,KR,/api/health,Default_Action,ALLOW,0,2,11
43:39.4,27.100.172.154,KR,/search?q=phone,Default_Action,ALLOW,0,2,15
00:15.8,14.40.228.170,KR,/cart,Default_Action,ALLOW,0,2,5
42:00.2,125.128.127.39,KR,/login,Default_Action,ALLOW,0,2,6
12:05.7,14.40.97.214,KR,/api/health,Default_Action,ALLOW,0,2,11
50:09.4,1.209.28.206,KR,/api/products/list,Default_Action,ALLOW,0,2,18
02:06.9,14.40.188.11,KR,/api/products,Default_Action,ALLOW,0,2,13
36:42.6,58.120.39.182,KR,/,Default_Action,ALLOW,0,2,1
26:22.4,14.32.34.172,KR,/api/health,Default_Action,ALLOW,0,2,11
01:57.0,1.209.142.128,KR,/api/health,Default_Action,ALLOW,0,2,11
05:12.3,58.120.207.154,KR,/contact,Default_Action,ALLOW,0,2,8
12:34.2,27.96.2.172,KR,/api/health,Default_Action,ALLOW,0,2,11
29:07.7,58.122.105.189,KR,/static/css/main.css,Default_Action,ALLOW,0,2,20
04:35.0,58.122.6.101,KR,/checkout,Default_Action,ALLOW,0,2,9
05:23.1,14.32.134.14,KR,/cart,Default_Action,ALLOW,0,2,5
13:55.5,27.100.117.82,KR,/api/health,Default_Action,ALLOW,0,2,11
13:11.3,27.100.187.16,KR,/,Default_Action,ALLOW,0,2,1
15:35.9,14.40.80.72,KR,/static/js/app.js,Default_Action,ALLOW,0,2,17
57:13.8,14.40.107.48,KR,/login,Default_Action,ALLOW,0,2,6
04:11.3,14.40.86.49,KR,/static/images/logo.png,Default_Action,ALLOW,0,2,23
54:57.3,14.40.64.15,KR,/static/images/logo.png,Default_Action,ALLOW,0,2,23
27:06.8,14.40.182.189,KR,/products/3,Default_Action,ALLOW,0,2,11
21:22.1,27.100.139.233,KR,/static/js/app.js,Default_Action,ALLOW,0,2,17
33:44.2,1.208.81.111,KR,/static/images/logo.png,Default_Action,ALLOW,0,2,23
52:25.5,14.32.45.210,KR,/cart,Default_Action,ALLOW,0,2,5
16:47.1,14.40.16.87,KR,/api/v1/users,Default_Action,ALLOW,0,2,13
26:48.9,1.208.36.184,KR,/api/users/profile,Default_Action,ALLOW,0,2,18
33:54.7,1.209.106.106,KR,/,Default_Action,ALLOW,0,2,1
30:39.9,27.100.66.23,KR,/search?q=phone,Default_Action,ALLOW,0,2,15
18:22.3,14.40.60.166,KR,/index.html,Default_Action,ALLOW,0,2,11
57:08.6,14.32.143.161,KR,/,Default_Action,ALLOW,0,2,1
07:06.8,125.130.75.73,KR,/api/v1/products,Default_Action,ALLOW,0,2,16
02:51.5,58.120.12.252,KR,/static/js/app.js,Default_Action,ALLOW,0,2,17
15:44.1,125.128.198.156,KR,/api/products/list,Default_Action,ALLOW,0,2,18
10:47.1,27.96.22.41,KR,/logout,Default_Action,ALLOW,0,2,7
24:19.7,14.32.215.48,KR,/logout,Default_Action,ALLOW,0,2,7
52:40.3,1.209.237.124,KR,/search?q=clothes,Default_Action,ALLOW,0,2,17
08:21.6,14.32.52.112,KR,/api/v1/users,Default_Action,ALLOW,0,2,13
08:16.9,1.208.144.60,KR,/sitemap.xml,Default_Action,ALLOW,0,2,12
21:48.3,1.208.135.238,KR,/static/css/main.css,Default_Action,ALLOW,0,2,20
46:48.3,27.100.7.37,KR,/api/v1/products,Default_Action,ALLOW,0,2,16
00:04.1,58.120.146.84,KR,/search?q=phone,Default_Action,ALLOW,0,2,15
57:55.2,14.40.235.173,KR,/api/v1/products,Default_Action,ALLOW,0,2,16
23:57.1,58.120.255.144,KR,/login,Default_Action,ALLOW,0,2,6
40:31.1,1.209.67.150,KR,/search?q=shoes,Default_Action,ALLOW,0,2,15
42:18.0,14.40.193.223,KR,/index.html,Default_Action,ALLOW,0,2,11
31:19.7,1.209.57.110,KR,/profile,Default_Action,ALLOW,0,2,8
00:31.2,1.209.0.185,KR,/api/v1/users,Default_Action,ALLOW,0,2,13
41:14.8,58.120.19.251,KR,/search?q=phone,Default_Action,ALLOW,0,2,15
41:38.6,125.128.213.133,KR,/api/products,Default_Action,ALLOW,0,2,13
52:02.6,14.40.116.100,KR,/search?q=clothes,Default_Action,ALLOW,0,2,17
29:00.4,1.208.220.64,KR,/contact,Default_Action,ALLOW,0,2,8
31:02.0,1.209.160.81,KR,/,Default_Action,ALLOW,0,2,1
35:49.0,1.209.29.118,KR,/search?q=clothes,Default_Action,ALLOW,0,2,17
24:15.0,125.128.213.250,KR,/api/users/profile,Default_Action,ALLOW,0,2,18
23:17.4,125.130.28.111,KR,/api/users,Default_Action,ALLOW,0,2,10
56:32.5,58.122.24.13,KR,/static/js/app.js,Default_Action,ALLOW,0,2,17
47:56.5,14.32.101.12,KR,/search?q=clothes,Default_Action,ALLOW,0,2,17
47:19.2,58.122.176.86,KR,/,Default_Action,ALLOW,0,2,1
09:37.3,125.130.235.4,KR,/search?q=clothes,Default_Action,ALLOW,0,2,17
41:17.0,1.209.51.86,KR,/api/v1/users,Default_Action,ALLOW,0,2,13
46:36.8,27.96.200.188,KR,/api/health,Default_Action,ALLOW,0,2,11
54:24.1,14.40.5.230,KR,/api/orders,Default_Action,ALLOW,0,2,11
14:24.0,27.96.10.195,KR,/products/2,Default_Action,ALLOW,0,2,11
05:39.0,14.32.228.201,KR,/api/orders,Default_Action,ALLOW,0,2,11
15:31.6,125.130.253.48,KR,/search?q=phone,Default_Action,ALLOW,0,2,15
37:48.1,125.130.209.188,KR,/search?q=shoes,Default_Action,ALLOW,0,2,15
12:52.7,14.40.99.85,KR,/static/css/main.css,Default_Action,ALLOW,0,2,20
12:22.3,1.208.46.107,KR,/api/health,Default_Action,ALLOW,0,2,11
35:16.3,14.32.43.247,KR,/api/products,Default_Action,ALLOW,0,2,13
58:32.1,1.208.101.203,KR,/favicon.ico,Default_Action,ALLOW,0,2,12
41:05.7,1.208.24.119,KR,/api/v1/users,Default_Action,ALLOW,0,2,13
54:32.5,58.122.27.138,KR,/sitemap.xml,Default_Action,ALLOW,0,2,12
05:59.2,1.209.133.53,KR,/api/orders,Default_Action,ALLOW,0,2,11
30:38.5,1.209.118.144,KR,/sitemap.xml,Default_Action,ALLOW,0,2,12
50:06.7,14.40.122.92,KR,/cart,Default_Action,ALLOW,0,2,5
49:33.9,58.120.109.98,KR,/search?q=clothes,Default_Action,ALLOW,0,2,17
45:18.2,125.130.247.26,KR,/search?q=shoes,Default_Action,ALLOW,0,2,15
47:57.3,58.120.17.230,KR,/robots.txt,Default_Action,ALLOW,0,2,11
04:55.6,14.32.99.34,KR,/about,Default_Action,ALLOW,0,2,6
01:11.8,58.120.174.14,KR,/login,Default_Action,ALLOW,0,2,6
42:05.6,58.120.23.222,KR,/static/js/app.js,Default_Action,ALLOW,0,2,17
52:13.9,1.209.253.107,KR,/api/health,Default_Action,ALLOW,0,2,11
38:10.0,27.100.28.39,KR,/api/products,Default_Action,ALLOW,0,2,13
57:18.6,58.122.60.245,KR,/checkout,Default_Action,ALLOW,0,2,9
40:30.1,125.128.202.215,KR,/contact,Default_Action,ALLOW,0,2,8
08:09.0,1.209.121.254,KR,/api/users/profile,Default_Action,ALLOW,0,2,18
35:01.6,125.130.27.227,KR,/api/orders,Default_Action,ALLOW,0,2,11
45:25.4,1.209.26.121,KR,/api/v1/products,Default_Action,ALLOW,0,2,16
56:15.1,58.122.229.231,KR,/api/health,Default_Action,ALLOW,0,2,11
53:37.1,27.100.74.59,KR,/static/js/app.js,Default_Action,ALLOW,0,2,17
22:48.3,58.122.195.149,KR,/search?q=phone,Default_Action,ALLOW,0,2,15
41:40.8,58.120.41.237,KR,/search?q=clothes,Default_Action,ALLOW,0,2,17
58:33.7,58.122.125.206,KR,/api/v1/users,Default_Action,ALLOW,0,2,13
03:36.1,1.208.176.203,KR,/search?q=shoes,Default_Action,ALLOW,0,2,15
48:40.6,125.130.206.119,KR,/search?q=clothes,Default_Action,ALLOW,0,2,17
05:09.6,27.100.43.76,KR,/api/products,Default_Action,ALLOW,0,2,13
47:55.5,1.208.246.79,KR,/api/v1/products,Default_Action,ALLOW,0,2,16
05:33.6,1.209.43.114,KR,/api/users,Default_Action,ALLOW,0,2,10
13:09.7,125.128.189.203,KR,/search?q=clothes,Default_Action,ALLOW,0,2,17
36:40.5,14.40.48.205,KR,/about,Default_Action,ALLOW,0,2,6
54:45.8,14.32.89.122,KR,/index.html,Default_Action,ALLOW,0,2,11
43:57.1,125.128.159.233,KR,/api/orders,Default_Action,ALLOW,0,2,11
49:37.4,58.122.175.243,KR,/static/css/main.css,Default_Action,ALLOW,0,2,20
37:43.1,27.100.67.94,KR,/api/health,Default_Action,ALLOW,0,2,11
16:10.3,1.208.124.202,KR,/cart,Default_Action,ALLOW,0,2,5
52:14.0,125.130.144.44,KR,/login,Default_Action,ALLOW,0,2,6
51:14.7,58.122.138.212,KR,/static/images/logo.png,Default_Action,ALLOW,0,2,23
50:32.0,1.209.215.165,KR,/robots.txt,Default_Action,ALLOW,0,2,11
41:28.9,14.40.81.154,KR,/dashboard,Default_Action,ALLOW,0,2,10
50:06.6,125.128.172.241,KR,/,Default_Action,ALLOW,0,2,1
06:40.7,27.96.74.8,KR,/api/v1/users,Default_Action,ALLOW,0,2,13
40:18.7,58.122.203.216,KR,/sitemap.xml,Default_Action,ALLOW,0,2,12
04:54.0,1.209.194.246,KR,/contact,Default_Action,ALLOW,0,2,8
37:35.0,125.130.139.235,KR,/robots.txt,Default_Action,ALLOW,0,2,11
12:18.6,27.100.209.207,KR,/products/1,Default_Action,ALLOW,0,2,11
33:46.9,58.120.21.97,KR,/api/products/list,Default_Action,ALLOW,0,2,18
15:51.6,27.100.113.186,KR,/checkout,Default_Action,ALLOW,0,2,9
18:14.8,27.100.134.224,KR,/api/users,Default_Action,ALLOW,0,2,10
37:16.3,58.120.109.232,KR,/search?q=phone,Default_Action,ALLOW,0,2,15
47:49.0,58.122.255.205,KR,/products/1,Default_Action,ALLOW,0,2,11
15:34.7,1.208.227.227,KR,/,Default_Action,ALLOW,0,2,1
12:42.1,14.32.246.227,KR,/products/1,Default_Action,ALLOW,0,2,11
14:12.4,1.209.162.184,KR,/static/images/logo.png,Default_Action,ALLOW,0,2,23
55:02.6,1.209.95.97,KR,/about,Default_Action,ALLOW,0,2,6
03:55.5,14.32.81.241,KR,/profile,Default_Action,ALLOW,0,2,8
40:33.8,1.209.173.53,KR,/api/users/profile,Default_Action,ALLOW,0,2,18
52:58.3,125.128.168.153,KR,/profile,Default_Action,ALLOW,0,2,8
20:08.4,14.40.8.36,KR,/products/2,Default_Action,ALLOW,0,2,11
12:56.9,58.120.21.195,KR,/favicon.ico,Default_Action,ALLOW,0,2,12
07:33.9,1.209.190.19,KR,/,Default_Action,ALLOW,0,2,1
18:24.4,125.130.147.210,KR,/api/orders,Default_Action,ALLOW,0,2,11
31:32.6,1.209.182.241,KR,/api/orders,Default_Action,ALLOW,0,2,11
48:08.1,1.209.93.204,KR,/contact,Default_Action,ALLOW,0,2,8
00:30.7,125.130.192.170,KR,/api/users/profile,Default_Action,ALLOW,0,2,18
34:58.2,58.122.42.251,KR,/api/products,Default_Action,ALLOW,0,2,13
45:54.1,125.130.8.55,KR,/dashboard,Default_Action,ALLOW,0,2,10
37:32.1,125.130.200.159,KR,/static/css/main.css,Default_Action,ALLOW,0,2,20
29:17.4,27.100.123.134,KR,/api/v1/users,Default_Action,ALLOW,0,2,13
31:48.2,1.208.29.36,KR,/checkout,Default_Action,ALLOW,0,2,9
21:02.3,1.209.228.135,KR,/cart,Default_Action,ALLOW,0,2,5
30:53.0,125.128.30.81,KR,/,Default_Action,ALLOW,0,2,1
04:55.9,1.209.198.192,KR,/robots.txt,Default_Action,ALLOW,0,2,11
05:48.0,1.209.127.191,KR,/api/users,Default_Action,ALLOW,0,2,10
25:46.3,27.96.254.29,KR,/static/js/app.js,Default_Action,ALLOW,0,2,17
40:30.8,58.120.43.217,KR,/login,Default_Action,ALLOW,0,2,6
17:00.7,1.209.1.60,KR,/search?q=clothes,Default_Action,ALLOW,0,2,17
45:54.6,1.209.241.96,KR,/api/health,Default_Action,ALLOW,0,2,11
43:52.4,58.120.154.113,KR,/dashboard,Default_Action,ALLOW,0,2,10
16:06.4,14.40.190.110,KR,/api/orders,Default_Action,ALLOW,0,2,11
57:22.3,1.209.12.172,KR,/products/1,Default_Action,ALLOW,0,2,11
02:05.5,1.208.176.94,KR,/static/css/main.css,Default_Action,ALLOW,0,2,20
49:18.3,58.120.38.183,KR,/api/v1/users,Default_Action,ALLOW,0,2,13
31:30.2,1.208.140.221,KR,/checkout,Default_Action,ALLOW,0,2,9
31:48.2,1.209.206.138,KR,/static/images/logo.png,Default_Action,ALLOW,0,2,23
36:52.0,58.122.81.154,KR,/index.html,Default_Action,ALLOW,0,2,11
55:32.6,14.40.197.74,KR,/favicon.ico,Default_Action,ALLOW,0,2,12
06:30.8,125.128.146.165,KR,/cart,Default_Action,ALLOW,0,2,5
38:59.3,1.208.167.78,KR,/favicon.ico,Default_Action,ALLOW,0,2,12
57:49.7,125.130.41.13,KR,/api/users/profile,Default_Action,ALLOW,0,2,18
15:51.0,125.128.100.247,KR,/api/v1/products,Default_Action,ALLOW,0,2,16
07:59.1,1.209.199.231,KR,/logout,Default_Action,ALLOW,0,2,7
40:16.2,14.32.153.222,KR,/api/users,Default_Action,ALLOW,0,2,10
13:19.5,1.208.65.210,KR,/api/products,Default_Action,ALLOW,0,2,13
59:16.0,1.209.79.137,KR,/index.html,Default_Action,ALLOW,0,2,11
06:27.8,14.40.244.253,KR,/products/1,Default_Action,ALLOW,0,2,11
05:43.7,1.209.78.170,KR,/api/products/list,Default_Action,ALLOW,0,2,18
02:01.5,1.209.163.102,KR,/about,Default_Action,ALLOW,0,2,6
10:11.6,1.208.186.7,KR,/profile,Default_Action,ALLOW,0,2,8
46:42.8,1.208.59.160,KR,/,Default_Action,ALLOW,0,2,1
54:31.3,14.40.92.95,KR,/,Default_Action,ALLOW,0,2,1
55:49.6,58.120.136.194,KR,/products/3,Default_Action,ALLOW,0,2,11
17:00.2,27.100.255.27,KR,/api/products,Default_Action,ALLOW,0,2,13
26:51.6,58.120.96.207,KR,/favicon.ico,Default_Action,ALLOW,0,2,12
49:54.3,27.100.80.178,KR,/api/orders,Default_Action,ALLOW,0,2,11
08:52.8,58.120.26.155,KR,/api/products/list,Default_Action,ALLOW,0,2,18
32:35.6,125.128.101.231,KR,/search?q=phone,Default_Action,ALLOW,0,2,15
42:22.9,125.130.210.106,KR,/api/v1/users,Default_Action,ALLOW,0,2,13
59:27.8,58.120.50.213,KR,/api/health,Default_Action,ALLOW,0,2,11
59:22.2,1.208.123.205,KR,/api/orders,Default_Action,ALLOW,0,2,11
14:30.3,125.130.38.251,KR,/cart,Default_Action,ALLOW,0,2,5
16:56.9,27.96.168.166,KR,/dashboard,Default_Action,ALLOW,0,2,10
09:19.0,58.120.22.248,KR,/products/2,Default_Action,ALLOW,0,2,11
42:23.4,125.128.93.52,KR,/static/images/logo.png,Default_Action,ALLOW,0,2,23
03:43.5,58.120.127.211,KR,/,Default_Action,ALLOW,0,2,1
14:07.4,27.96.27.164,KR,/api/users/profile,Default_Action,ALLOW,0,2,18
00:46.9,125.130.26.54,KR,/static/css/main.css,Default_Action,ALLOW,0,2,20
08:17.7,58.122.49.101,KR,/search?q=clothes,Default_Action,ALLOW,0,2,17
56:53.9,1.209.251.184,KR,/api/v1/products,Default_Action,ALLOW,0,2,16
42:13.1,27.100.77.69,KR,/profile,Default_Action,ALLOW,0,2,8
52:56.6,27.96.94.187,KR,/sitemap.xml,Default_Action,ALLOW,0,2,12
21:23.8,58.122.125.128,KR,/checkout,Default_Action,ALLOW,0,2,9
54:22.6,125.130.63.220,KR,/checkout,Default_Action,ALLOW,0,2,9
15:05.7,27.96.173.49,KR,/products/2,Default_Action,ALLOW,0,2,11
53:46.9,27.100.7.192,KR,/about,Default_Action,ALLOW,0,2,6
34:23.3,14.32.109.172,KR,/api/v1/users,Default_Action,ALLOW,0,2,13
36:08.8,27.96.49.55,KR,/logout,Default_Action,ALLOW,0,2,7
47:30.9,14.40.226.62,KR,/favicon.ico,Default_Action,ALLOW,0,2,12
25:47.9,27.96.148.164,KR,/checkout,Default_Action,ALLOW,0,2,9
12:32.5,14.32.53.174,KR,/search?q=shoes,Default_Action,ALLOW,0,2,15
05:34.2,27.96.83.21,KR,/api/products/list,Default_Action,ALLOW,0,2,18
30:42.2,58.122.72.242,KR,/products/2,Default_Action,ALLOW,0,2,11
33:52.8,58.120.72.226,KR,/products/3,Default_Action,ALLOW,0,2,11
25:53.5,58.122.175.153,KR,/cart,Default_Action,ALLOW,0,2,5
50:06.3,58.122.122.244,KR,/api/health,Default_Action,ALLOW,0,2,11
50:43.6,1.208.159.50,KR,/,Default_Action,ALLOW,0,2,1
10:46.7,14.32.219.238,KR,/dashboard,Default_Action,ALLOW,0,2,10
37:38.9,27.100.56.228,KR,/logout,Default_Action,ALLOW,0,2,7
57:20.0,1.209.147.236,KR,/api/users/profile,Default_Action,ALLOW,0,2,18
15:52.2,58.122.98.29,KR,/static/css/main.css,Default_Action,ALLOW,0,2,20
24:58.7,14.40.138.48,KR,/sitemap.xml,Default_Action,ALLOW,0,2,12
11:07.7,14.40.109.241,KR,/checkout,Default_Action,ALLOW,0,2,9
54:10.1,27.96.69.111,KR,/logout,Default_Action,ALLOW,0,2,7
12:03.4,1.209.46.45,KR,/checkout,Default_Action,ALLOW,0,2,9
29:20.9,1.209.34.15,KR,/api/v1/users,Default_Action,ALLOW,0,2,13
11:42.6,125.130.168.156,KR,/products/1,Default_Action,ALLOW,0,2,11
55:06.4,58.120.49.236,KR,/,Default_Action,ALLOW,0,2,1
49:44.8,14.32.136.106,KR,/static/images/logo.png,Default_Action,ALLOW,0,2,23
44:13.2,27.96.161.158,KR,/api/users,Default_Action,ALLOW,0,2,10
15:04.7,27.100.242.65,KR,/api/v1/products,Default_Action,ALLOW,0,2,16
35:53.0,14.32.162.38,KR,/static/css/main.css,Default_Action,ALLOW,0,2,20
09:16.4,14.40.234.105,KR,/api/v1/products,Default_Action,ALLOW,0,2,16
17:54.9,27.100.57.146,KR,/search?q=clothes,Default_Action,ALLOW,0,2,17
11:44.5,58.122.226.2,KR,/favicon.ico,Default_Action,ALLOW,0,2,12
38:04.9,14.32.111.77,KR,/static/js/app.js,Default_Action,ALLOW,0,2,17
11:32.9,27.100.165.210,KR,/products/1,Default_Action,ALLOW,0,2,11
46:55.8,58.120.17.128,KR,/search?q=shoes,Default_Action,ALLOW,0,2,15
46:36.9,27.96.244.66,KR,/dashboard,Default_Action,ALLOW,0,2,10
02:13.2,14.40.181.153,KR,/api/orders,Default_Action,ALLOW,0,2,11
15:53.3,14.32.65.40,KR,/favicon.ico,Default_Action,ALLOW,0,2,12
45:16.4,58.122.41.78,KR,/products/3,Default_Action,ALLOW,0,2,11
15:44.7,125.130.184.76,KR,/search?q=clothes,Default_Action,ALLOW,0,2,17
08:06.7,1.208.235.18,KR,/api/v1/users,Default_Action,ALLOW,0,2,13
59:36.5,14.40.229.137,KR,/robots.txt,Default_Action,ALLOW,0,2,11
16:58.4,58.122.246.76,KR,/about,Default_Action,ALLOW,0,2,6
32:07.7,125.130.137.226,KR,/index.html,Default_Action,ALLOW,0,2,11
23:11.1,27.96.250.2,KR,/products/1,Default_Action,ALLOW,0,2,11
19:07.8,125.128.181.57,KR,/search?q=shoes,Default_Action,ALLOW,0,2,15
23:11.9,1.208.13.124,KR,/cart,Default_Action,ALLOW,0,2,5
54:33.9,125.130.215.235,KR,/api/orders,Default_Action,ALLOW,0,2,11
29:39.2,58.122.17.237,KR,/search?q=phone,Default_Action,ALLOW,0,2,15
18:08.6,125.130.145.230,KR,/search?q=shoes,Default_Action,ALLOW,0,2,15
51:56.6,58.120.122.154,KR,/api/health,Default_Action,ALLOW,0,2,11
13:49.7,58.120.82.165,KR,/api/products/list,Default_Action,ALLOW,0,2,18
06:48.8,58.120.117.6,KR,/api/v1/products,Default_Action,ALLOW,0,2,16
21:30.3,27.96.26.182,KR,/static/js/app.js,Default_Action,ALLOW,0,2,17
49:48.1,125.130.46.174,KR,/robots.txt,Default_Action,ALLOW,0,2,11
19:27.9,14.40.193.141,KR,/about,Default_Action,ALLOW,0,2,6
50:59.9,14.40.239.37,KR,/api/products/list,Default_Action,ALLOW,0,2,18
13:02.8,14.32.109.171,KR,/sitemap.xml,Default_Action,ALLOW,0,2,12
35:29.5,27.100.1.119,KR,/favicon.ico,Default_Action,ALLOW,0,2,12
53:06.2,27.100.150.60,KR,/products/3,Default_Action,ALLOW,0,2,11
48:24.5,58.122.129.215,KR,/favicon.ico,Default_Action,ALLOW,0,2,12
39:46.3,125.128.218.211,KR,/products/2,Default_Action,ALLOW,0,2,11
02:45.3,27.100.25.29,KR,/static/js/app.js,Default_Action,ALLOW,0,2,17
26:11.2,125.128.82.29,KR,/products/3,Default_Action,ALLOW,0,2,11
41:24.3,14.40.75.79,KR,/api/users/profile,Default_Action,ALLOW,0,2,18
23:41.9,1.208.231.231,KR,/login,Default_Action,ALLOW,0,2,6
41:30.2,125.130.73.147,KR,/search?q=clothes,Default_Action,ALLOW,0,2,17
19:58.6,125.128.166.236,KR,/contact,Default_Action,ALLOW,0,2,8
00:18.5,58.122.71.229,KR,/static/js/app.js,Default_Action,ALLOW,0,2,17
19:03.1,58.122.191.153,KR,/robots.txt,Default_Action,ALLOW,0,2,11
18:40.5,27.96.89.110,KR,/dashboard,Default_Action,ALLOW,0,2,10
14:26.4,125.130.50.38,KR,/static/js/app.js,Default_Action,ALLOW,0,2,17
07:37.4,14.40.36.122,KR,/api/health,Default_Action,ALLOW,0,2,11
09:58.9,125.128.241.55,KR,/about,Default_Action,ALLOW,0,2,6
12:40.4,14.32.135.133,KR,/profile,Default_Action,ALLOW,0,2,8
27:01.3,58.120.205.6,KR,/cart,Default_Action,ALLOW,0,2,5
37:46.2,27.96.157.175,KR,/contact,Default_Action,ALLOW,0,2,8
47:42.5,14.40.105.169,KR,/dashboard,Default_Action,ALLOW,0,2,10
44:13.1,1.208.143.158,KR,/api/v1/users,Default_Action,ALLOW,0,2,13
09:00.8,125.130.135.83,KR,/api/orders,Default_Action,ALLOW,0,2,11
29:46.5,125.130.15.44,KR,/api/v1/users,Default_Action,ALLOW,0,2,13
16:03.0,14.32.24.130,KR,/static/js/app.js,Default_Action,ALLOW,0,2,17
14:49.2,58.120.240.141,KR,/api/health,Default_Action,ALLOW,0,2,11
08:19.2,125.130.117.42,KR,/products/1,Default_Action,ALLOW,0,2,11
30:52.0,125.130.174.27,KR,/static/js/app.js,Default_Action,ALLOW,0,2,17
39:48.5,14.32.123.1,KR,/static/css/main.css,Default_Action,ALLOW,0,2,20
42:35.7,125.128.146.151,KR,/profile,Default_Action,ALLOW,0,2,8
37:47.0,14.40.28.163,KR,/api/products/list,Default_Action,ALLOW,0,2,18
25:30.8,58.122.229.74,KR,/profile,Default_Action,ALLOW,0,2,8
30:08.0,27.96.144.168,KR,/products/2,Default_Action,ALLOW,0,2,11
40:35.6,27.100.156.124,KR,/cart,Default_Action,ALLOW,0,2,5
02:26.9,27.96.134.126,KR,/search?q=shoes,Default_Action,ALLOW,0,2,15
27:43.0,58.120.58.157,KR,/api/health,Default_Action,ALLOW,0,2,11
24:29.7,27.100.46.138,KR,/profile,Default_Action,ALLOW,0,2,8
23:36.6,58.120.175.130,KR,/products/2,Default_Action,ALLOW,0,2,11
11:26.0,125.130.104.16,KR,/search?q=shoes,Default_Action,ALLOW,0,2,15
38:22.7,14.32.208.10,KR,/api/products/list,Default_Action,ALLOW,0,2,18
52:28.0,1.209.185.231,KR,/api/orders,Default_Action,ALLOW,0,2,11
43:50.9,14.32.246.208,KR,/dashboard,Default_Action,ALLOW,0,2,10
32:25.3,1.208.174.64,KR,/api/products,Default_Action,ALLOW,0,2,13
44:51.5,27.96.182.232,KR,/products/3,Default_Action,ALLOW,0,2,11
38:58.5,58.122.85.107,KR,/api/v1/users,Default_Action,ALLOW,0,2,13
14:56.1,1.209.238.148,KR,/api/orders,Default_Action,ALLOW,0,2,11
02:09.5,125.128.127.120,KR,/login,Default_Action,ALLOW,0,2,6
26:24.0,58.122.38.38,KR,/products/3,Default_Action,ALLOW,0,2,11
45:08.4,27.100.62.119,KR,/about,Default_Action,ALLOW,0,2,6
31:37.9,1.208.40.223,KR,/products/3,Default_Action,ALLOW,0,2,11
39:30.2,14.40.179.34,KR,/api/v1/products,Default_Action,ALLOW,0,2,16
13:58.4,58.120.96.42,KR,/api/users,Default_Action,ALLOW,0,2,10
01:29.7,14.32.138.112,KR,/robots.txt,Default_Action,ALLOW,0,2,11
07:33.3,27.100.52.1,KR,/login,Default_Action,ALLOW,0,2,6
43:46.7,1.208.57.65,KR,/search?q=shoes,Default_Action,ALLOW,0,2,15
00:35.4,1.209.10.218,KR,/api/products/list,Default_Action,ALLOW,0,2,18
26:46.5,1.209.255.60,KR,/api/health,Default_Action,ALLOW,0,2,11
37:27.6,14.32.249.11,KR,/search?q=phone,Default_Action,ALLOW,0,2,15
15:48.1,14.32.160.3,KR,/api/users,Default_Action,ALLOW,0,2,10
18:34.9,125.130.48.185,KR,/api/products,Default_Action,ALLOW,0,2,13
24:16.1,27.96.60.97,KR,/favicon.ico,Default_Action,ALLOW,0,2,12
17:24.1,27.100.163.27,KR,/sitemap.xml,Default_Action,ALLOW,0,2,12
22:00.6,1.208.162.64,KR,/,Default_Action,ALLOW,0,2,1
34:02.4,1.208.1.27,KR,/sitemap.xml,Default_Action,ALLOW,0,2,12
26:30.5,14.32.191.215,KR,/search?q=shoes,Default_Action,ALLOW,0,2,15
48:33.2,1.209.193.206,KR,/api/users,Default_Action,ALLOW,0,2,10
53:18.6,1.208.72.93,KR,/contact,Default_Action,ALLOW,0,2,8
45:55.6,14.32.9.95,KR,/favicon.ico,Default_Action,ALLOW,0,2,12
34:48.2,58.120.177.112,KR,/static/images/logo.png,Default_Action,ALLOW,0,2,23
53:07.7,1.208.171.130,KR,/robots.txt,Default_Action,ALLOW,0,2,11
10:51.7,27.100.51.244,KR,/static/js/app.js,Default_Action,ALLOW,0,2,17
48:10.0,125.128.106.249,KR,/search?q=phone,Default_Action,ALLOW,0,2,15
43:37.5,1.209.198.241,KR,/profile,Default_Action,ALLOW,0,2,8
33:21.9,1.209.183.232,KR,/api/orders,Default_Action,ALLOW,0,2,11
26:02.3,27.96.248.210,KR,/about,Default_Action,ALLOW,0,2,6
56:41.0,1.209.52.199,KR,/static/js/app.js,Default_Action,ALLOW,0,2,17
17:29.1,14.40.53.94,KR,/cart,Default_Action,ALLOW,0,2,5
01:06.5,27.100.69.236,KR,/robots.txt,Default_Action,ALLOW,0,2,11
18:58.0,1.209.120.69,KR,/static/css/main.css,Default_Action,ALLOW,0,2,20
58:34.8,125.130.116.127,KR,/static/css/main.css,Default_Action,ALLOW,0,2,20
54:40.5,14.40.66.249,KR,/checkout,Default_Action,ALLOW,0,2,9
28:55.6,14.40.155.188,KR,/contact,Default_Action,ALLOW,0,2,8
43:45.6,125.130.100.209,KR,/api/products/list,Default_Action,ALLOW,0,2,18
45:00.6,125.130.67.177,KR,/api/orders,Default_Action,ALLOW,0,2,11
15:35.0,58.120.36.51,KR,/api/users,Default_Action,ALLOW,0,2,10
00:45.5,27.100.204.235,KR,/api/products,Default_Action,ALLOW,0,2,13
07:06.5,1.208.208.74,KR,/robots.txt,Default_Action,ALLOW,0,2,11
